customer_id,first_name,last_name,email,city,signup_date,customer_segment
1,Tom,Wilkinson,tom.wilkinson@email.com,Edinburgh,2025-08-13,Premium
2,Sean,Serrano,sean.serrano@email.com,Glasgow,2025-05-16,Standard
3,Kevin,Brooks,kevin.brooks@email.com,Sheffield,2025-08-18,Standard
4,Tonya,Vasquez,tonya.vasquez@email.com,Leeds,2025-12-22,Premium
5,Robert,Johnson,robert.johnson@email.com,Bristol,2026-06-23,Premium
6,Don,Miller,don.miller@email.com,Bristol,2025-01-25,Standard
7,Mary,Barber,mary.barber@email.com,Liverpool,2026-01-22,Standard
8,Shawn,Delacruz,shawn.delacruz@email.com,Bristol,2025-09-19,Standard
9,Michael,Lewis,michael.lewis@email.com,Leeds,2025-01-15,Enterprise
10,Tyler,Jimenez,tyler.jimenez@email.com,London,2024-08-30,Standard
11,Sheila,Moore,sheila.moore@email.com,Sheffield,2026-01-22,Premium
12,Charles,Lucas,charles.lucas@email.com,Manchester,2024-08-25,Enterprise
13,Melissa,Mendez,melissa.mendez@email.com,Edinburgh,2024-08-01,Enterprise
14,Eric,Newton,eric.newton@email.com,Cardiff,2026-03-11,Enterprise
15,Lauren,Wilson,lauren.wilson@email.com,Sheffield,2025-05-18,Enterprise
16,Eric,Rich,eric.rich@email.com,Glasgow,2025-04-16,Standard
17,Catherine,Gordon,catherine.gordon@email.com,Manchester,2025-03-28,Premium
18,Matthew,Sullivan,matthew.sullivan@email.com,London,2024-10-15,Premium
19,Marcia,Huerta,marcia.huerta@email.com,Liverpool,2025-02-24,Enterprise
20,Angela,Simpson,angela.simpson@email.com,Manchester,2025-01-12,Enterprise
21,Kelly,White,kelly.white@email.com,Glasgow,2024-09-11,Premium
22,Heidi,Hawkins,heidi.hawkins@email.com,London,2025-01-08,Standard
23,Frank,Richardson,frank.richardson@email.com,Leeds,2026-03-10,Enterprise
24,Martin,Griffin,martin.griffin@email.com,Bristol,2024-11-24,Enterprise
25,Eric,Rasmussen,eric.rasmussen@email.com,Birmingham,2025-06-27,Enterprise
26,Leslie,Fritz,leslie.fritz@email.com,Birmingham,2024-08-11,Standard
27,Nancy,Smith,nancy.smith@email.com,Sheffield,2026-04-06,Premium
28,Nicholas,Cain,nicholas.cain@email.com,Leeds,2025-05-13,Premium
29,Daniel,Raymond,daniel.raymond@email.com,Birmingham,2025-03-03,Enterprise
30,Richard,Rice,richard.rice@email.com,Birmingham,2025-01-14,Standard
31,Tina,Green,tina.green@email.com,Birmingham,2024-07-27,Standard
32,Nicholas,Murphy,nicholas.murphy@email.com,Sheffield,2024-09-30,Standard
33,Joseph,Jones,joseph.jones@email.com,Sheffield,2026-04-29,Premium
34,Kurt,Evans,kurt.evans@email.com,Leeds,2024-08-22,Premium
35,Richard,Huffman,richard.huffman@email.com,Birmingham,2025-04-05,Enterprise
36,Jeremy,Cunningham,jeremy.cunningham@email.com,Edinburgh,2024-09-25,Enterprise
37,Christina,Gill,christina.gill@email.com,Cardiff,2025-07-24,Enterprise
38,Brenda,Saunders,brenda.saunders@email.com,Cardiff,2026-05-15,Enterprise
39,Alexander,Arroyo,alexander.arroyo@email.com,Bristol,2025-07-12,Enterprise
40,Manuel,Donovan,manuel.donovan@email.com,Birmingham,2025-08-06,Enterprise
41,Kathryn,Shaw,kathryn.shaw@email.com,Birmingham,2025-09-25,Enterprise
42,Cassandra,Brady,cassandra.brady@email.com,Leeds,2025-09-30,Enterprise
43,Jennifer,Waller,jennifer.waller@email.com,Glasgow,2025-07-10,Premium
44,Rodney,Kerr,rodney.kerr@email.com,Cardiff,2026-03-23,Enterprise
45,Jeffrey,Wright,jeffrey.wright@email.com,Sheffield,2024-11-16,Standard
46,Mary,Mcdaniel,mary.mcdaniel@email.com,Cardiff,2025-05-30,Enterprise
47,Stacy,Jacobs,stacy.jacobs@email.com,Manchester,2026-05-02,Standard
48,Leonard,Gonzalez,leonard.gonzalez@email.com,Edinburgh,2024-09-19,Standard
49,Willie,Love,willie.love@email.com,Cardiff,2026-01-19,Standard
50,Kristen,Rollins,kristen.rollins@email.com,London,2025-07-28,Standard
51,Michael,Cox,michael.cox@email.com,Sheffield,2024-12-29,Standard
52,Michelle,Mcintyre,michelle.mcintyre@email.com,Cardiff,2024-09-06,Premium
53,Katie,Garrett,katie.garrett@email.com,Glasgow,2026-03-14,Enterprise
54,Stephanie,Avila,stephanie.avila@email.com,London,2024-07-22,Standard
55,Andrea,Wiggins,andrea.wiggins@email.com,Cardiff,2026-04-15,Premium
56,Kenneth,Patterson,kenneth.patterson@email.com,Bristol,2024-11-21,Premium
57,Jennifer,Harper,jennifer.harper@email.com,Birmingham,2025-03-20,Standard
58,Ronald,Thomas,ronald.thomas@email.com,Leeds,2024-10-18,Standard
59,Donald,Maldonado,donald.maldonado@email.com,Edinburgh,2025-04-22,Enterprise
60,Kenneth,Brown,kenneth.brown@email.com,Cardiff,2024-11-12,Premium
61,James,Ellis,james.ellis@email.com,Cardiff,2024-10-08,Standard
62,Ronald,Williamson,ronald.williamson@email.com,Bristol,2026-03-04,Enterprise
63,Abigail,Pollard,abigail.pollard@email.com,Liverpool,2025-09-24,Standard
64,Karen,Stephens,karen.stephens@email.com,Bristol,2025-04-02,Enterprise
65,Michael,Campos,michael.campos@email.com,London,2024-12-16,Standard
66,Timothy,West,timothy.west@email.com,Bristol,2025-09-01,Enterprise
67,Joshua,Freeman,joshua.freeman@email.com,Edinburgh,2025-08-10,Enterprise
68,Linda,Phillips,linda.phillips@email.com,Manchester,2025-11-01,Enterprise
69,Selena,Jones,selena.jones@email.com,London,2026-06-14,Enterprise
70,William,Gray,william.gray@email.com,Cardiff,2024-07-03,Standard
71,April,Perez,april.perez@email.com,Liverpool,2025-08-21,Standard
72,Linda,Jones,linda.jones@email.com,London,2025-08-30,Standard
73,Scott,Smith,scott.smith@email.com,Glasgow,2024-07-07,Standard
74,Andrew,Steele,andrew.steele@email.com,Sheffield,2025-05-08,Premium
75,Jonathan,Tran,jonathan.tran@email.com,Glasgow,2025-11-12,Standard
76,Wesley,Martinez,wesley.martinez@email.com,Birmingham,2025-04-23,Enterprise
77,Allison,Gonzalez,allison.gonzalez@email.com,Sheffield,2025-11-10,Premium
78,Heather,Boyle,heather.boyle@email.com,London,2024-10-16,Enterprise
79,Elizabeth,Wilson,elizabeth.wilson@email.com,Leeds,2025-10-20,Enterprise
80,Nicole,Alexander,nicole.alexander@email.com,Bristol,2024-11-13,Standard
81,Kimberly,Moore,kimberly.moore@email.com,Leeds,2025-04-27,Enterprise
82,Stephanie,Garcia,stephanie.garcia@email.com,Edinburgh,2024-08-14,Enterprise
83,Aaron,Aguilar,aaron.aguilar@email.com,Manchester,2025-11-03,Premium
84,Hunter,Rhodes,hunter.rhodes@email.com,Edinburgh,2025-12-05,Enterprise
85,Dawn,Norris,dawn.norris@email.com,Birmingham,2025-05-25,Enterprise
86,Kimberly,Gonzalez,kimberly.gonzalez@email.com,Bristol,2025-11-21,Standard
87,Richard,Peterson,richard.peterson@email.com,Bristol,2026-02-18,Standard
88,Peter,Walker,peter.walker@email.com,Glasgow,2025-08-20,Premium
89,Nicholas,Compton,nicholas.compton@email.com,Glasgow,2025-04-17,Enterprise
90,Jeffrey,Cook,jeffrey.cook@email.com,Liverpool,2025-04-11,Enterprise
91,Gail,Hernandez,gail.hernandez@email.com,Birmingham,2024-12-17,Standard
92,Chad,Collins,chad.collins@email.com,Bristol,2026-03-07,Enterprise
93,Michael,Maddox,michael.maddox@email.com,Sheffield,2026-03-09,Enterprise
94,Julie,Poole,julie.poole@email.com,Leeds,2024-11-30,Standard
95,Joseph,Chandler,joseph.chandler@email.com,Sheffield,2024-09-22,Enterprise
96,Luis,Mclaughlin,luis.mclaughlin@email.com,London,2025-10-14,Standard
97,Laura,Wilson,laura.wilson@email.com,Glasgow,2026-06-18,Standard
98,John,Wells,john.wells@email.com,Sheffield,2025-05-02,Premium
99,Jessica,Smith,jessica.smith@email.com,Manchester,2025-06-16,Premium
100,Brandon,Walters,brandon.walters@email.com,Sheffield,2025-04-17,Enterprise
101,Rebecca,Maldonado,rebecca.maldonado@email.com,Leeds,2024-08-10,Standard
102,Lorraine,Perry,lorraine.perry@email.com,Cardiff,2026-02-19,Premium
103,Kathy,Webster,kathy.webster@email.com,Sheffield,2024-11-19,Standard
104,Ashley,Vazquez,ashley.vazquez@email.com,Leeds,2025-10-27,Premium
105,Luis,Garcia,luis.garcia@email.com,Glasgow,2024-07-07,Standard
106,Travis,Duran,travis.duran@email.com,Manchester,2025-07-30,Enterprise
107,Susan,Hamilton,susan.hamilton@email.com,London,2024-07-09,Enterprise
108,Jeffrey,Romero,jeffrey.romero@email.com,Bristol,2025-11-17,Enterprise
109,Katherine,Browning,katherine.browning@email.com,Edinburgh,2026-01-12,Enterprise
110,Henry,Ramirez,henry.ramirez@email.com,Glasgow,2024-11-23,Enterprise
111,Philip,Brown,philip.brown@email.com,Bristol,2025-08-13,Premium
112,Charlotte,Kelly,charlotte.kelly@email.com,Cardiff,2024-11-05,Premium
113,Amanda,Miller,amanda.miller@email.com,Manchester,2026-02-15,Standard
114,Anthony,Russell,anthony.russell@email.com,Cardiff,2026-04-23,Standard
115,Jessica,Hamilton,jessica.hamilton@email.com,Birmingham,2025-10-07,Standard
116,Ashley,Nguyen,ashley.nguyen@email.com,Cardiff,2025-05-03,Premium
117,Charles,Sloan,charles.sloan@email.com,Edinburgh,2025-07-15,Enterprise
118,Kevin,Holt,kevin.holt@email.com,London,2025-10-28,Standard
119,Angela,Dalton,angela.dalton@email.com,Birmingham,2024-11-25,Standard
120,Sarah,Robertson,sarah.robertson@email.com,Manchester,2026-03-22,Premium
121,Jamie,Roth,jamie.roth@email.com,Bristol,2024-08-23,Premium
122,Curtis,Moore,curtis.moore@email.com,Edinburgh,2024-12-18,Standard
123,Megan,Henry,megan.henry@email.com,Birmingham,2025-06-15,Standard
124,Jonathan,Church,jonathan.church@email.com,Cardiff,2024-08-02,Standard
125,Amanda,Parker,amanda.parker@email.com,Liverpool,2024-08-26,Enterprise
126,Wayne,Murphy,wayne.murphy@email.com,Birmingham,2024-12-28,Standard
127,Richard,Howard,richard.howard@email.com,Birmingham,2024-12-27,Standard
128,Erica,Henry,erica.henry@email.com,London,2025-10-08,Premium
129,Sabrina,Smith,sabrina.smith@email.com,Liverpool,2025-08-26,Enterprise
130,Larry,Rhodes,larry.rhodes@email.com,Bristol,2025-08-02,Premium
131,Elijah,Underwood,elijah.underwood@email.com,Leeds,2025-04-09,Enterprise
132,Melissa,Wagner,melissa.wagner@email.com,Bristol,2024-12-04,Enterprise
133,Lisa,Chase,lisa.chase@email.com,Leeds,2026-02-03,Enterprise
134,Rhonda,Morris,rhonda.morris@email.com,Manchester,2025-11-21,Enterprise
135,Robert,Robinson,robert.robinson@email.com,Edinburgh,2025-09-27,Premium
136,Natalie,Baker,natalie.baker@email.com,Sheffield,2026-06-08,Standard
137,Ethan,Lucas,ethan.lucas@email.com,Glasgow,2025-09-26,Enterprise
138,Jennifer,Evans,jennifer.evans@email.com,London,2024-11-24,Enterprise
139,Samuel,Williamson,samuel.williamson@email.com,Cardiff,2024-07-04,Premium
140,Mariah,Shaw,mariah.shaw@email.com,Liverpool,2024-10-11,Standard
141,Jeffrey,Moses,jeffrey.moses@email.com,Sheffield,2025-03-18,Premium
142,Benjamin,Donaldson,benjamin.donaldson@email.com,Liverpool,2025-07-30,Premium
143,Roger,Peters,roger.peters@email.com,Leeds,2026-03-11,Enterprise
144,Craig,Fitzpatrick,craig.fitzpatrick@email.com,Manchester,2024-08-05,Enterprise
145,Becky,Landry,becky.landry@email.com,Manchester,2025-09-15,Premium
146,Andrea,Smith,andrea.smith@email.com,Manchester,2026-06-14,Enterprise
147,Kathryn,Smith,kathryn.smith@email.com,Bristol,2025-06-07,Enterprise
148,Amanda,Shaffer,amanda.shaffer@email.com,Manchester,2025-04-24,Standard
149,Zachary,Johnson,zachary.johnson@email.com,Sheffield,2026-02-27,Standard
150,Jeffrey,Jordan,jeffrey.jordan@email.com,Sheffield,2025-09-07,Standard
151,Dustin,Carr,dustin.carr@email.com,Liverpool,2025-04-01,Premium
152,Rebecca,Jordan,rebecca.jordan@email.com,Cardiff,2025-02-18,Enterprise
153,Willie,Martin,willie.martin@email.com,London,2025-01-28,Standard
154,Kristen,Sherman,kristen.sherman@email.com,Leeds,2024-09-03,Premium
155,David,Burton,david.burton@email.com,Cardiff,2026-06-04,Premium
156,Peter,Miller,peter.miller@email.com,Sheffield,2025-01-01,Standard
157,Beth,Anderson,beth.anderson@email.com,Birmingham,2025-02-10,Enterprise
158,Maria,Harrell,maria.harrell@email.com,Edinburgh,2025-05-02,Standard
159,Sandra,West,sandra.west@email.com,London,2026-03-02,Enterprise
160,Gary,Wilson,gary.wilson@email.com,Birmingham,2026-04-17,Premium
161,Allison,Peck,allison.peck@email.com,Cardiff,2026-01-24,Standard
162,Erica,Jackson,erica.jackson@email.com,Bristol,2024-07-30,Standard
163,Dale,Knight,dale.knight@email.com,Glasgow,2025-12-08,Enterprise
164,David,Lambert,david.lambert@email.com,Liverpool,2026-06-23,Standard
165,James,Juarez,james.juarez@email.com,Sheffield,2025-12-14,Standard
166,Erica,Ross,erica.ross@email.com,Birmingham,2026-01-12,Standard
167,Megan,Huff,megan.huff@email.com,Edinburgh,2025-06-09,Standard
168,Jennifer,Smith,jennifer.smith@email.com,Birmingham,2026-01-29,Standard
169,David,Meza,david.meza@email.com,Bristol,2024-10-03,Premium
170,Laura,Taylor,laura.taylor@email.com,Cardiff,2026-04-07,Premium
171,Frank,Wright,frank.wright@email.com,Glasgow,2025-12-13,Premium
172,Phillip,Frank,phillip.frank@email.com,Cardiff,2026-03-06,Premium
173,Cynthia,Price,cynthia.price@email.com,Sheffield,2025-06-05,Premium
174,Cynthia,Jordan,cynthia.jordan@email.com,Glasgow,2026-01-20,Enterprise
175,Jared,Smith,jared.smith@email.com,Birmingham,2025-06-28,Standard
176,Donna,Shannon,donna.shannon@email.com,Edinburgh,2025-04-15,Standard
177,Jonathan,Flores,jonathan.flores@email.com,Cardiff,2026-02-11,Enterprise
178,Travis,Thompson,travis.thompson@email.com,London,2025-08-16,Premium
179,Leah,Bell,leah.bell@email.com,Glasgow,2024-07-31,Premium
180,Amanda,Griffith,amanda.griffith@email.com,Leeds,2025-11-28,Enterprise
181,Richard,Turner,richard.turner@email.com,Birmingham,2026-06-26,Premium
182,Jonathan,Cooper,jonathan.cooper@email.com,Edinburgh,2026-02-26,Standard
183,Diana,Rodriguez,diana.rodriguez@email.com,Bristol,2024-12-02,Premium
184,Elizabeth,Martin,elizabeth.martin@email.com,Sheffield,2024-10-17,Enterprise
185,Patricia,Mullen,patricia.mullen@email.com,Cardiff,2026-02-14,Standard
186,Pamela,Calhoun,pamela.calhoun@email.com,London,2025-12-24,Enterprise
187,Carol,Ross,carol.ross@email.com,Sheffield,2026-01-18,Enterprise
188,Thomas,Alexander,thomas.alexander@email.com,Sheffield,2025-05-04,Enterprise
189,Glenn,Jones,glenn.jones@email.com,Edinburgh,2024-09-05,Standard
190,John,White,john.white@email.com,Liverpool,2025-02-09,Standard
191,Natasha,Sanchez,natasha.sanchez@email.com,Birmingham,2026-01-09,Premium
192,Peter,Wilcox,peter.wilcox@email.com,Liverpool,2025-12-22,Standard
193,Samantha,Nunez,samantha.nunez@email.com,Bristol,2025-10-24,Premium
194,Linda,Miller,linda.miller@email.com,Manchester,2024-10-22,Enterprise
195,David,Rodriguez,david.rodriguez@email.com,Liverpool,2025-07-14,Enterprise
196,Donna,Palmer,donna.palmer@email.com,Liverpool,2024-07-10,Premium
197,Amanda,Murray,amanda.murray@email.com,London,2025-08-12,Premium
198,Michelle,Price,michelle.price@email.com,Cardiff,2025-05-26,Standard
199,Erin,Wagner,erin.wagner@email.com,Glasgow,2026-04-28,Premium
200,Lauren,Perez,lauren.perez@email.com,Sheffield,2024-07-31,Premium
201,Ronald,Chang,ronald.chang@email.com,Leeds,2025-06-11,Premium
202,Randy,Weber,randy.weber@email.com,Sheffield,2024-11-08,Enterprise
203,John,Blake,john.blake@email.com,Cardiff,2025-06-14,Standard
204,Andrea,Lee,andrea.lee@email.com,Liverpool,2025-02-13,Standard
205,Anthony,Rose,anthony.rose@email.com,Birmingham,2025-04-25,Standard
206,Brandon,Franklin,brandon.franklin@email.com,Birmingham,2025-05-27,Premium
207,Richard,Valdez,richard.valdez@email.com,Manchester,2025-12-26,Enterprise
208,Justin,Knight,justin.knight@email.com,Bristol,2026-06-14,Standard
209,Christina,Bowman,christina.bowman@email.com,Glasgow,2025-04-23,Enterprise
210,Jason,Davila,jason.davila@email.com,Sheffield,2025-03-04,Premium
211,Michael,Tucker,michael.tucker@email.com,Glasgow,2025-06-07,Premium
212,Jennifer,Freeman,jennifer.freeman@email.com,Cardiff,2026-05-22,Standard
213,Kevin,Crane,kevin.crane@email.com,Edinburgh,2025-02-28,Standard
214,Scott,Edwards,scott.edwards@email.com,Leeds,2024-09-11,Enterprise
215,Joshua,Weber,joshua.weber@email.com,Glasgow,2024-12-15,Enterprise
216,Kevin,Newman,kevin.newman@email.com,Manchester,2024-08-18,Enterprise
217,Christine,Thomas,christine.thomas@email.com,Cardiff,2026-05-15,Enterprise
218,Aaron,Lopez,aaron.lopez@email.com,Sheffield,2025-02-24,Standard
219,Kevin,Glover,kevin.glover@email.com,Manchester,2025-06-26,Premium
220,Ariana,Howell,ariana.howell@email.com,Bristol,2025-06-05,Standard
221,Gina,Taylor,gina.taylor@email.com,London,2025-06-23,Standard
222,Michelle,Fitzgerald,michelle.fitzgerald@email.com,Glasgow,2025-04-10,Enterprise
223,Christine,Frazier,christine.frazier@email.com,Sheffield,2026-04-04,Standard
224,Barbara,Taylor,barbara.taylor@email.com,Liverpool,2026-03-03,Standard
225,Shannon,Small,shannon.small@email.com,London,2025-04-25,Standard
226,Sarah,Harrison,sarah.harrison@email.com,Edinburgh,2025-02-28,Enterprise
227,Danielle,Chambers,danielle.chambers@email.com,Cardiff,2025-02-03,Premium
228,Elizabeth,Swanson,elizabeth.swanson@email.com,Manchester,2025-10-29,Premium
229,Amanda,Harris,amanda.harris@email.com,Cardiff,2025-02-27,Standard
230,Melissa,Gregory,melissa.gregory@email.com,Manchester,2024-12-18,Premium
231,Glenn,Jones,glenn.jones@email.com,Manchester,2026-03-27,Enterprise
232,Justin,Simmons,justin.simmons@email.com,Cardiff,2026-01-28,Standard
233,Steven,Owens,steven.owens@email.com,Bristol,2025-06-15,Enterprise
234,Heather,Esparza,heather.esparza@email.com,Cardiff,2024-12-13,Enterprise
235,Todd,Galvan,todd.galvan@email.com,Sheffield,2024-11-18,Standard
236,Jillian,Cook,jillian.cook@email.com,Bristol,2026-01-03,Enterprise
237,Veronica,Edwards,veronica.edwards@email.com,Leeds,2025-06-13,Enterprise
238,Amanda,Marshall,amanda.marshall@email.com,Leeds,2024-08-20,Premium
239,Joe,Jones,joe.jones@email.com,Bristol,2025-11-23,Premium
240,Katrina,Buck,katrina.buck@email.com,Glasgow,2025-03-16,Enterprise
241,Diana,Stewart,diana.stewart@email.com,Leeds,2025-12-10,Standard
242,Sherry,Hughes,sherry.hughes@email.com,Edinburgh,2026-01-29,Premium
243,Maureen,Hall,maureen.hall@email.com,Edinburgh,2024-08-03,Enterprise
244,Margaret,Robinson,margaret.robinson@email.com,Manchester,2026-03-10,Premium
245,Joshua,Adams,joshua.adams@email.com,Bristol,2024-07-23,Standard
246,Jessica,Rice,jessica.rice@email.com,Glasgow,2025-11-24,Standard
247,Kimberly,Merritt,kimberly.merritt@email.com,Leeds,2024-11-09,Premium
248,Rachel,Shelton,rachel.shelton@email.com,Bristol,2025-06-29,Premium
249,Joseph,Sanchez,joseph.sanchez@email.com,Glasgow,2026-05-06,Premium
250,Bradley,Wolfe,bradley.wolfe@email.com,Edinburgh,2025-02-18,Enterprise
251,Andrea,Garner,andrea.garner@email.com,Leeds,2025-10-31,Premium
252,Lori,Buck,lori.buck@email.com,Liverpool,2025-06-19,Premium
253,John,Marquez,john.marquez@email.com,London,2024-11-20,Standard
254,David,Smith,david.smith@email.com,Cardiff,2024-10-16,Enterprise
255,Patricia,Fields,patricia.fields@email.com,Edinburgh,2025-04-01,Premium
256,Lauren,Ellis,lauren.ellis@email.com,Edinburgh,2024-07-18,Premium
257,John,Smith,john.smith@email.com,Sheffield,2025-04-24,Premium
258,David,Nunez,david.nunez@email.com,London,2025-04-22,Standard
259,Melanie,Thomas,melanie.thomas@email.com,Glasgow,2026-06-29,Enterprise
260,Bianca,Pace,bianca.pace@email.com,Glasgow,2025-05-04,Enterprise
261,Antonio,Campbell,antonio.campbell@email.com,Bristol,2025-07-20,Standard
262,Felicia,Moore,felicia.moore@email.com,Cardiff,2025-04-09,Premium
263,Scott,Allen,scott.allen@email.com,Birmingham,2024-08-12,Enterprise
264,Alexander,Krueger,alexander.krueger@email.com,Sheffield,2025-07-05,Enterprise
265,Hailey,Dean,hailey.dean@email.com,Leeds,2024-11-22,Standard
266,Bryan,Simmons,bryan.simmons@email.com,London,2025-12-21,Standard
267,Joel,Lewis,joel.lewis@email.com,Manchester,2026-03-10,Premium
268,Joseph,Lopez,joseph.lopez@email.com,Liverpool,2025-09-22,Enterprise
269,Steve,Williams,steve.williams@email.com,Manchester,2025-11-24,Standard
270,Mark,Freeman,mark.freeman@email.com,Cardiff,2026-03-10,Standard
271,John,Sanchez,john.sanchez@email.com,Glasgow,2025-03-06,Premium
272,Thomas,Torres,thomas.torres@email.com,London,2025-04-21,Enterprise
273,Dustin,Williams,dustin.williams@email.com,Liverpool,2025-06-22,Premium
274,Melissa,Jones,melissa.jones@email.com,Cardiff,2026-02-10,Enterprise
275,Vanessa,Leonard,vanessa.leonard@email.com,Leeds,2025-08-01,Premium
276,Tracey,Smith,tracey.smith@email.com,Manchester,2026-03-16,Standard
277,Christopher,Hawkins,christopher.hawkins@email.com,Sheffield,2024-11-26,Enterprise
278,Natasha,Turner,natasha.turner@email.com,Cardiff,2026-01-16,Premium
279,Michael,Maynard,michael.maynard@email.com,Leeds,2025-09-05,Standard
280,Aaron,Murphy,aaron.murphy@email.com,Edinburgh,2025-09-17,Standard
281,Stephanie,Robinson,stephanie.robinson@email.com,Birmingham,2026-06-24,Premium
282,Justin,Diaz,justin.diaz@email.com,Manchester,2026-02-09,Enterprise
283,Pamela,Porter,pamela.porter@email.com,Cardiff,2025-09-29,Enterprise
284,Kimberly,Myers,kimberly.myers@email.com,Sheffield,2025-03-26,Enterprise
285,Eric,King,eric.king@email.com,Leeds,2024-11-16,Enterprise
286,Jennifer,Nguyen,jennifer.nguyen@email.com,Bristol,2025-01-11,Enterprise
287,Peter,Turner,peter.turner@email.com,Glasgow,2026-04-25,Premium
288,Jessica,Bishop,jessica.bishop@email.com,Bristol,2025-04-27,Enterprise
289,Anthony,Martinez,anthony.martinez@email.com,Glasgow,2025-06-25,Enterprise
290,Joshua,Harris,joshua.harris@email.com,Glasgow,2025-02-24,Standard
291,Sherry,Drake,sherry.drake@email.com,Sheffield,2026-06-05,Premium
292,Barry,Turner,barry.turner@email.com,Liverpool,2026-06-28,Premium
293,Olivia,Carroll,olivia.carroll@email.com,London,2025-04-09,Enterprise
294,Victoria,Robinson,victoria.robinson@email.com,Edinburgh,2025-03-31,Standard
295,Debra,Anderson,debra.anderson@email.com,Leeds,2025-01-04,Standard
296,Don,Hall,don.hall@email.com,Bristol,2025-09-14,Standard
297,Christian,Villanueva,christian.villanueva@email.com,Edinburgh,2025-11-21,Premium
298,William,Greene,william.greene@email.com,Cardiff,2025-08-16,Standard
299,Tracy,Myers,tracy.myers@email.com,Edinburgh,2026-02-22,Enterprise
300,Bobby,Hale,bobby.hale@email.com,London,2024-09-07,Standard
301,Jessica,Gamble,jessica.gamble@email.com,London,2024-11-27,Enterprise
302,Jacqueline,Lopez,jacqueline.lopez@email.com,Liverpool,2024-10-25,Premium
303,Carrie,Silva,carrie.silva@email.com,Bristol,2024-09-05,Premium
304,Joshua,Miller,joshua.miller@email.com,Manchester,2025-06-18,Standard
305,Cynthia,Ramos,cynthia.ramos@email.com,Liverpool,2025-12-18,Enterprise
306,Erika,Hebert,erika.hebert@email.com,Sheffield,2024-10-05,Premium
307,Gabrielle,Jackson,gabrielle.jackson@email.com,Leeds,2024-07-13,Premium
308,Robert,Gonzales,robert.gonzales@email.com,Liverpool,2025-09-23,Premium
309,Erika,Cooper,erika.cooper@email.com,Glasgow,2024-12-14,Standard
310,Tracy,Edwards,tracy.edwards@email.com,Sheffield,2025-01-09,Premium
311,Jason,Wilson,jason.wilson@email.com,Glasgow,2026-01-06,Enterprise
312,Jennifer,Rivera,jennifer.rivera@email.com,Manchester,2025-02-15,Enterprise
313,Amy,Jordan,amy.jordan@email.com,Birmingham,2025-06-07,Standard
314,David,Davila,david.davila@email.com,Birmingham,2025-07-03,Enterprise
315,Joseph,Chavez,joseph.chavez@email.com,Leeds,2024-09-01,Premium
316,Jaclyn,Pollard,jaclyn.pollard@email.com,London,2024-10-27,Enterprise
317,Carrie,Luna,carrie.luna@email.com,Cardiff,2026-05-31,Premium
318,Dawn,Barnett,dawn.barnett@email.com,Edinburgh,2025-07-19,Premium
319,Bridget,Anthony,bridget.anthony@email.com,Manchester,2025-07-07,Enterprise
320,Spencer,Soto,spencer.soto@email.com,Sheffield,2026-01-25,Enterprise
321,Steven,Cohen,steven.cohen@email.com,Liverpool,2025-09-15,Premium
322,Nancy,Deleon,nancy.deleon@email.com,Cardiff,2025-06-13,Enterprise
323,Aaron,Hunt,aaron.hunt@email.com,Liverpool,2024-11-11,Premium
324,Tonya,Hancock,tonya.hancock@email.com,Sheffield,2026-03-03,Premium
325,Patricia,Morrison,patricia.morrison@email.com,Glasgow,2025-10-23,Standard
326,Audrey,Villegas,audrey.villegas@email.com,London,2025-08-21,Enterprise
327,Kelli,Smith,kelli.smith@email.com,Birmingham,2025-02-12,Enterprise
328,Stephanie,Mitchell,stephanie.mitchell@email.com,Edinburgh,2026-01-16,Premium
329,Kayla,Gaines,kayla.gaines@email.com,Bristol,2025-04-21,Standard
330,Kimberly,Taylor,kimberly.taylor@email.com,Liverpool,2026-06-17,Standard
331,Peter,Bradley,peter.bradley@email.com,Liverpool,2026-02-04,Enterprise
332,Erik,Hamilton,erik.hamilton@email.com,Cardiff,2026-02-28,Enterprise
333,Jessica,Hutchinson,jessica.hutchinson@email.com,Leeds,2025-12-29,Standard
334,Sheryl,Keller,sheryl.keller@email.com,London,2026-03-02,Premium
335,Matthew,Fuller,matthew.fuller@email.com,Bristol,2025-06-22,Standard
336,Jill,Mcdonald,jill.mcdonald@email.com,Sheffield,2025-10-17,Standard
337,Juan,Park,juan.park@email.com,London,2024-11-18,Enterprise
338,Larry,Horn,larry.horn@email.com,Manchester,2024-10-30,Premium
339,Steven,Chambers,steven.chambers@email.com,Leeds,2024-11-06,Standard
340,Wayne,Johnson,wayne.johnson@email.com,Leeds,2025-08-05,Premium
341,Judy,Hoover,judy.hoover@email.com,Liverpool,2026-01-27,Standard
342,Kim,Johnson,kim.johnson@email.com,Manchester,2024-08-28,Enterprise
343,Jeffrey,Wang,jeffrey.wang@email.com,Bristol,2025-04-25,Standard
344,Angel,Smith,angel.smith@email.com,Liverpool,2024-11-08,Enterprise
345,Breanna,Patrick,breanna.patrick@email.com,Edinburgh,2025-03-06,Premium
346,Kayla,Cooper,kayla.cooper@email.com,Manchester,2025-05-10,Enterprise
347,Edward,Ortega,edward.ortega@email.com,Manchester,2024-08-04,Enterprise
348,Monique,Wood,monique.wood@email.com,Bristol,2026-03-04,Standard
349,Andrea,Schwartz,andrea.schwartz@email.com,Sheffield,2025-05-11,Premium
350,Tracey,Bowers,tracey.bowers@email.com,London,2025-10-20,Premium
351,Sarah,Bishop,sarah.bishop@email.com,Sheffield,2025-10-05,Enterprise
352,Chad,Pacheco,chad.pacheco@email.com,Bristol,2025-05-07,Enterprise
353,Gina,Harris,gina.harris@email.com,Liverpool,2025-09-19,Premium
354,Robert,Mcclure,robert.mcclure@email.com,London,2025-08-27,Enterprise
355,Joseph,Martin,joseph.martin@email.com,London,2024-11-09,Premium
356,David,Robertson,david.robertson@email.com,London,2025-11-18,Standard
357,Rhonda,Boyer,rhonda.boyer@email.com,Glasgow,2025-08-17,Enterprise
358,Rachel,Sandoval,rachel.sandoval@email.com,Birmingham,2024-11-26,Enterprise
359,Katelyn,Dalton,katelyn.dalton@email.com,London,2025-03-19,Premium
360,Jenny,Rogers,jenny.rogers@email.com,Birmingham,2024-12-12,Enterprise
361,Henry,Frazier,henry.frazier@email.com,Cardiff,2026-06-06,Standard
362,Richard,Ward,richard.ward@email.com,Sheffield,2025-02-03,Enterprise
363,Deanna,Hughes,deanna.hughes@email.com,Birmingham,2024-09-19,Enterprise
364,Debbie,Mcclain,debbie.mcclain@email.com,Glasgow,2025-04-08,Premium
365,Lori,Estes,lori.estes@email.com,Bristol,2025-11-14,Standard
366,Stephanie,Patton,stephanie.patton@email.com,Glasgow,2024-10-22,Premium
367,Taylor,Krause,taylor.krause@email.com,Birmingham,2025-08-06,Standard
368,Michael,Sullivan,michael.sullivan@email.com,Glasgow,2026-03-05,Standard
369,Cassidy,Taylor,cassidy.taylor@email.com,Edinburgh,2026-06-24,Standard
370,Kimberly,Love,kimberly.love@email.com,Glasgow,2024-07-02,Premium
371,Jamie,Williamson,jamie.williamson@email.com,Birmingham,2025-12-08,Enterprise
372,Robert,Flores,robert.flores@email.com,Sheffield,2026-05-08,Standard
373,Yolanda,Kim,yolanda.kim@email.com,Liverpool,2026-03-18,Standard
374,Meagan,Romero,meagan.romero@email.com,Bristol,2026-03-28,Standard
375,Shannon,Bautista,shannon.bautista@email.com,Glasgow,2024-11-22,Standard
376,Molly,Peters,molly.peters@email.com,Manchester,2024-10-22,Standard
377,Audrey,Leach,audrey.leach@email.com,Bristol,2025-01-26,Premium
378,Kyle,Gilbert,kyle.gilbert@email.com,Manchester,2024-11-27,Standard
379,Jeff,Baxter,jeff.baxter@email.com,Glasgow,2024-12-07,Standard
380,Jim,Ball,jim.ball@email.com,Cardiff,2025-07-05,Enterprise
381,Justin,Matthews,justin.matthews@email.com,Glasgow,2026-06-03,Enterprise
382,William,Buckley,william.buckley@email.com,Liverpool,2026-03-08,Premium
383,Beth,Hamilton,beth.hamilton@email.com,Bristol,2025-06-17,Standard
384,Jason,Hill,jason.hill@email.com,Cardiff,2025-01-12,Premium
385,Jeffery,Holmes,jeffery.holmes@email.com,Leeds,2025-05-13,Premium
386,Erin,Rose,erin.rose@email.com,Leeds,2025-02-10,Premium
387,Allison,Lang,allison.lang@email.com,Bristol,2026-01-26,Enterprise
388,Laura,Smith,laura.smith@email.com,Manchester,2024-12-09,Enterprise
389,Joyce,Kennedy,joyce.kennedy@email.com,Liverpool,2024-10-09,Premium
390,Jessica,Jones,jessica.jones@email.com,Liverpool,2025-10-18,Standard
391,Lori,Lewis,lori.lewis@email.com,Glasgow,2024-09-22,Standard
392,Denise,Mitchell,denise.mitchell@email.com,Sheffield,2026-02-22,Premium
393,Brian,Nelson,brian.nelson@email.com,Glasgow,2026-06-12,Premium
394,Christopher,Mendoza,christopher.mendoza@email.com,Glasgow,2026-03-11,Enterprise
395,Sara,Wilson,sara.wilson@email.com,Leeds,2024-09-25,Premium
396,Tara,Ramsey,tara.ramsey@email.com,Glasgow,2025-05-21,Standard
397,Ashley,Garcia,ashley.garcia@email.com,Manchester,2025-02-03,Premium
398,James,Kelly,james.kelly@email.com,Bristol,2024-09-13,Premium
399,Randy,Young,randy.young@email.com,London,2025-10-24,Standard
400,April,Powers,april.powers@email.com,Manchester,2025-04-21,Premium
401,Henry,Dudley,henry.dudley@email.com,Cardiff,2024-07-03,Premium
402,Andrea,Thomas,andrea.thomas@email.com,Manchester,2024-10-29,Premium
403,Troy,Miller,troy.miller@email.com,Liverpool,2024-10-02,Enterprise
404,Nicole,Kline,nicole.kline@email.com,Edinburgh,2025-09-23,Enterprise
405,Kenneth,Wilson,kenneth.wilson@email.com,London,2024-08-06,Standard
406,William,Holt,william.holt@email.com,Edinburgh,2024-12-06,Standard
407,Rachel,Romero,rachel.romero@email.com,Cardiff,2024-07-03,Standard
408,Melissa,Dodson,melissa.dodson@email.com,Liverpool,2026-05-05,Premium
409,Matthew,Ross,matthew.ross@email.com,Cardiff,2025-06-02,Enterprise
410,Paula,Ibarra,paula.ibarra@email.com,Bristol,2024-08-19,Standard
411,Anthony,Mays,anthony.mays@email.com,Glasgow,2024-10-26,Enterprise
412,Jaclyn,Brooks,jaclyn.brooks@email.com,Liverpool,2024-09-12,Premium
413,Rebekah,Gentry,rebekah.gentry@email.com,Bristol,2025-08-17,Standard
414,William,Walker,william.walker@email.com,Edinburgh,2024-12-06,Premium
415,Glen,Williams,glen.williams@email.com,Sheffield,2024-10-31,Premium
416,Courtney,Thompson,courtney.thompson@email.com,Sheffield,2025-05-06,Enterprise
417,Tammy,Cross,tammy.cross@email.com,Edinburgh,2026-05-29,Enterprise
418,Tyler,Hall,tyler.hall@email.com,Edinburgh,2026-04-26,Enterprise
419,Jeffrey,Adams,jeffrey.adams@email.com,Glasgow,2025-03-10,Standard
420,Kevin,Wells,kevin.wells@email.com,Bristol,2025-05-22,Standard
421,Jeffrey,Rodriguez,jeffrey.rodriguez@email.com,Liverpool,2025-01-15,Premium
422,Joseph,Hale,joseph.hale@email.com,Manchester,2026-02-28,Premium
423,Omar,Hernandez,omar.hernandez@email.com,Bristol,2026-02-21,Enterprise
424,Jeffrey,Lopez,jeffrey.lopez@email.com,Glasgow,2025-10-01,Standard
425,Sara,Walsh,sara.walsh@email.com,London,2025-08-01,Enterprise
426,Kristin,Myers,kristin.myers@email.com,Bristol,2025-02-09,Premium
427,Andres,Hall,andres.hall@email.com,Edinburgh,2026-04-25,Enterprise
428,Andrew,Hill,andrew.hill@email.com,Glasgow,2025-06-12,Premium
429,Christopher,Dean,christopher.dean@email.com,Bristol,2025-02-23,Premium
430,Marco,Macias,marco.macias@email.com,Glasgow,2025-03-31,Premium
431,John,Weaver,john.weaver@email.com,Leeds,2024-09-19,Premium
432,Tina,May,tina.may@email.com,Birmingham,2025-06-23,Premium
433,Stacy,Nguyen,stacy.nguyen@email.com,Leeds,2024-07-14,Standard
434,Janice,Howell,janice.howell@email.com,Birmingham,2026-05-07,Premium
435,Amanda,Clark,amanda.clark@email.com,Manchester,2026-01-17,Premium
436,Allison,Jones,allison.jones@email.com,Bristol,2024-07-13,Enterprise
437,Maurice,Stark,maurice.stark@email.com,Bristol,2025-01-03,Enterprise
438,Stephen,Mendoza,stephen.mendoza@email.com,London,2025-11-29,Enterprise
439,Catherine,Lang,catherine.lang@email.com,Sheffield,2026-05-14,Enterprise
440,Michelle,Torres,michelle.torres@email.com,Liverpool,2025-11-20,Premium
441,Jason,Pearson,jason.pearson@email.com,Sheffield,2024-08-07,Premium
442,Paul,Garcia,paul.garcia@email.com,London,2025-10-15,Premium
443,Tiffany,Johnson,tiffany.johnson@email.com,Birmingham,2026-02-11,Standard
444,Melissa,Bennett,melissa.bennett@email.com,Cardiff,2025-09-06,Premium
445,Ryan,Carter,ryan.carter@email.com,Manchester,2025-02-08,Enterprise
446,Lisa,Morton,lisa.morton@email.com,Cardiff,2025-05-24,Enterprise
447,Zachary,Burke,zachary.burke@email.com,Leeds,2025-03-08,Premium
448,Nicholas,Brown,nicholas.brown@email.com,Sheffield,2024-07-08,Standard
449,Anthony,Hansen,anthony.hansen@email.com,London,2025-05-15,Premium
450,Jessica,Brooks,jessica.brooks@email.com,Bristol,2025-06-06,Enterprise
451,Eric,Yates,eric.yates@email.com,Cardiff,2026-01-07,Enterprise
452,Brenda,Baker,brenda.baker@email.com,Sheffield,2024-08-15,Enterprise
453,Chelsea,Thomas,chelsea.thomas@email.com,Cardiff,2026-05-17,Standard
454,Terrance,Ferguson,terrance.ferguson@email.com,Manchester,2026-01-01,Standard
455,Caleb,Bass,caleb.bass@email.com,London,2024-10-18,Premium
456,George,Gardner,george.gardner@email.com,Manchester,2024-12-08,Enterprise
457,Renee,Johnson,renee.johnson@email.com,Manchester,2024-09-13,Enterprise
458,Miranda,Strickland,miranda.strickland@email.com,Bristol,2025-11-22,Standard
459,Clayton,Harrington,clayton.harrington@email.com,Liverpool,2024-09-29,Premium
460,Martin,Morton,martin.morton@email.com,London,2026-06-29,Enterprise
461,Dylan,Christensen,dylan.christensen@email.com,London,2025-08-10,Enterprise
462,Crystal,Clark,crystal.clark@email.com,Leeds,2024-07-26,Standard
463,Karen,Dennis,karen.dennis@email.com,Edinburgh,2025-07-23,Standard
464,Leah,Wall,leah.wall@email.com,Birmingham,2025-06-05,Standard
465,Heidi,Pierce,heidi.pierce@email.com,Birmingham,2024-07-15,Premium
466,Matthew,Prince,matthew.prince@email.com,Cardiff,2025-07-28,Standard
467,Carol,Sullivan,carol.sullivan@email.com,Bristol,2026-01-20,Standard
468,Henry,Sullivan,henry.sullivan@email.com,Sheffield,2024-07-27,Enterprise
469,Gina,Palmer,gina.palmer@email.com,Liverpool,2025-06-10,Enterprise
470,Martin,Sexton,martin.sexton@email.com,Leeds,2026-06-27,Standard
471,Jenna,Fitzgerald,jenna.fitzgerald@email.com,Edinburgh,2025-01-06,Enterprise
472,Timothy,Carter,timothy.carter@email.com,Manchester,2024-10-22,Premium
473,Jon,Barr,jon.barr@email.com,Bristol,2025-06-10,Standard
474,Tony,Mclean,tony.mclean@email.com,Bristol,2025-03-14,Enterprise
475,Sean,Gray,sean.gray@email.com,Glasgow,2026-01-19,Enterprise
476,Pamela,Miller,pamela.miller@email.com,Manchester,2025-05-11,Enterprise
477,Jordan,Sanchez,jordan.sanchez@email.com,London,2026-03-06,Enterprise
478,Lindsey,Saunders,lindsey.saunders@email.com,London,2025-05-25,Standard
479,Adam,Carter,adam.carter@email.com,Bristol,2026-03-16,Enterprise
480,Jennifer,James,jennifer.james@email.com,Sheffield,2024-08-05,Standard
481,Phyllis,Smith,phyllis.smith@email.com,Liverpool,2024-09-16,Premium
482,Pamela,Costa,pamela.costa@email.com,Leeds,2025-08-28,Enterprise
483,Mary,Yates,mary.yates@email.com,Cardiff,2025-12-02,Standard
484,James,Lang,james.lang@email.com,Birmingham,2026-05-27,Standard
485,Lori,Simmons,lori.simmons@email.com,London,2025-03-20,Premium
486,Michael,Hart,michael.hart@email.com,Birmingham,2025-11-28,Premium
487,Maria,Wise,maria.wise@email.com,Manchester,2024-10-07,Standard
488,Michelle,Baker,michelle.baker@email.com,Sheffield,2024-10-01,Premium
489,Sara,Warren,sara.warren@email.com,Bristol,2025-07-06,Premium
490,Vernon,Gregory,vernon.gregory@email.com,London,2024-12-06,Premium
491,Barbara,Hammond,barbara.hammond@email.com,Sheffield,2026-02-07,Standard
492,Kimberly,Nelson,kimberly.nelson@email.com,Leeds,2025-11-03,Premium
493,Theresa,Jones,theresa.jones@email.com,London,2026-04-12,Enterprise
494,Meredith,Ortiz,meredith.ortiz@email.com,Glasgow,2024-09-21,Premium
495,Melanie,King,melanie.king@email.com,Cardiff,2026-03-27,Enterprise
496,Laurie,Contreras,laurie.contreras@email.com,Cardiff,2025-07-18,Standard
497,Cassandra,Stone,cassandra.stone@email.com,Bristol,2024-11-25,Enterprise
498,Dennis,Mercado,dennis.mercado@email.com,Edinburgh,2024-09-14,Premium
499,Terri,Collins,terri.collins@email.com,Edinburgh,2025-12-03,Enterprise
500,Harold,Cortez,harold.cortez@email.com,Manchester,2025-10-12,Standard
501,Scott,Elliott,scott.elliott@email.com,Cardiff,2025-06-02,Enterprise
502,Michelle,Valenzuela,michelle.valenzuela@email.com,Edinburgh,2024-10-13,Standard
503,James,Mckee,james.mckee@email.com,Edinburgh,2025-12-30,Enterprise
504,Shari,Wilcox,shari.wilcox@email.com,Glasgow,2026-01-19,Enterprise
505,Chelsea,Rodgers,chelsea.rodgers@email.com,Leeds,2025-06-20,Premium
506,Jamie,Heath,jamie.heath@email.com,Glasgow,2025-12-28,Standard
507,Jason,Reyes,jason.reyes@email.com,Leeds,2025-03-14,Standard
508,Michael,Miller,michael.miller@email.com,Liverpool,2026-01-15,Enterprise
509,James,Garcia,james.garcia@email.com,Bristol,2026-02-12,Premium
510,Michael,Oconnell,michael.oconnell@email.com,Sheffield,2024-12-28,Enterprise
511,Rickey,Parks,rickey.parks@email.com,Birmingham,2025-11-21,Premium
512,Amber,Thompson,amber.thompson@email.com,Leeds,2026-06-27,Standard
513,Jason,Morrow,jason.morrow@email.com,Edinburgh,2024-09-20,Standard
514,Brian,Robles,brian.robles@email.com,London,2025-09-20,Enterprise
515,Cindy,Shields,cindy.shields@email.com,Birmingham,2026-01-11,Enterprise
516,John,Johnston,john.johnston@email.com,Sheffield,2026-01-27,Premium
517,Jessica,Smith,jessica.smith@email.com,Bristol,2026-06-30,Standard
518,Raymond,Quinn,raymond.quinn@email.com,Manchester,2024-07-04,Standard
519,Anthony,Bradley,anthony.bradley@email.com,Sheffield,2025-03-01,Premium
520,Jill,Clarke,jill.clarke@email.com,Bristol,2025-03-31,Standard
521,Blake,Perez,blake.perez@email.com,Edinburgh,2024-11-22,Premium
522,Rachel,Gibbs,rachel.gibbs@email.com,Sheffield,2025-06-25,Standard
523,Peter,Frye,peter.frye@email.com,Liverpool,2025-01-13,Premium
524,Kimberly,Brown,kimberly.brown@email.com,Birmingham,2025-11-07,Enterprise
525,Terri,Brown,terri.brown@email.com,Liverpool,2026-01-11,Standard
526,Daniel,Walters,daniel.walters@email.com,Bristol,2025-02-04,Premium
527,Henry,Bush,henry.bush@email.com,Bristol,2025-05-26,Enterprise
528,Kenneth,Mcmillan,kenneth.mcmillan@email.com,Bristol,2025-01-20,Standard
529,Rebecca,Jenkins,rebecca.jenkins@email.com,Birmingham,2025-09-16,Enterprise
530,Stacey,Williams,stacey.williams@email.com,Edinburgh,2025-01-10,Standard
531,Seth,Galloway,seth.galloway@email.com,Sheffield,2026-03-04,Premium
532,David,Butler,david.butler@email.com,Cardiff,2025-05-30,Enterprise
533,Alan,Bruce,alan.bruce@email.com,Cardiff,2025-12-29,Premium
534,Diana,Vaughn,diana.vaughn@email.com,Bristol,2026-05-01,Premium
535,Heidi,Warner,heidi.warner@email.com,Edinburgh,2025-07-21,Enterprise
536,Janet,Brown,janet.brown@email.com,Edinburgh,2025-09-03,Premium
537,David,Johns,david.johns@email.com,Cardiff,2025-10-02,Standard
538,Lisa,Mitchell,lisa.mitchell@email.com,Sheffield,2024-11-21,Standard
539,John,Lee,john.lee@email.com,Glasgow,2026-02-26,Standard
540,Luis,Collins,luis.collins@email.com,Glasgow,2026-03-13,Enterprise
541,Sheri,Bell,sheri.bell@email.com,Manchester,2024-11-07,Premium
542,Donald,Stevenson,donald.stevenson@email.com,Cardiff,2024-08-13,Enterprise
543,Kelli,Williamson,kelli.williamson@email.com,Birmingham,2024-08-21,Premium
544,David,Barnett,david.barnett@email.com,Liverpool,2026-01-03,Standard
545,Derrick,Thornton,derrick.thornton@email.com,Leeds,2025-04-16,Premium
546,Anthony,Daniels,anthony.daniels@email.com,Sheffield,2024-09-04,Premium
547,Lucas,Ellis,lucas.ellis@email.com,Bristol,2024-10-01,Enterprise
548,Krystal,Johnson,krystal.johnson@email.com,Edinburgh,2025-11-08,Enterprise
549,Dana,Solis,dana.solis@email.com,Sheffield,2026-05-11,Standard
550,Tracy,Flores,tracy.flores@email.com,Birmingham,2024-11-24,Standard
551,Justin,Nelson,justin.nelson@email.com,Edinburgh,2024-07-08,Enterprise
552,Richard,Cross,richard.cross@email.com,Leeds,2024-07-09,Enterprise
553,Joseph,Baker,joseph.baker@email.com,Leeds,2024-08-30,Enterprise
554,Gregory,Pierce,gregory.pierce@email.com,London,2025-03-21,Standard
555,Pamela,Rios,pamela.rios@email.com,Manchester,2025-11-22,Standard
556,Jacob,Newman,jacob.newman@email.com,Leeds,2026-02-16,Standard
557,Jennifer,Skinner,jennifer.skinner@email.com,Liverpool,2025-06-20,Premium
558,Allison,Martinez,allison.martinez@email.com,Manchester,2024-07-08,Enterprise
559,Diana,Bates,diana.bates@email.com,Cardiff,2024-11-24,Standard
560,Micheal,Matthews,micheal.matthews@email.com,Leeds,2025-02-24,Enterprise
561,Brittany,Ayers,brittany.ayers@email.com,Bristol,2026-04-17,Standard
562,James,Lynn,james.lynn@email.com,Glasgow,2025-12-27,Enterprise
563,Danielle,Reid,danielle.reid@email.com,Birmingham,2025-04-18,Premium
564,Tonya,Harper,tonya.harper@email.com,Leeds,2024-09-12,Premium
565,Tracy,Lynch,tracy.lynch@email.com,Sheffield,2025-03-25,Standard
566,Carolyn,Robinson,carolyn.robinson@email.com,London,2024-08-30,Premium
567,Heather,Baker,heather.baker@email.com,London,2024-08-26,Standard
568,Dustin,Moss,dustin.moss@email.com,Birmingham,2025-09-23,Premium
569,Taylor,Lamb,taylor.lamb@email.com,Birmingham,2024-10-15,Standard
570,Lynn,Reyes,lynn.reyes@email.com,Bristol,2025-07-22,Enterprise
571,Nathan,Daugherty,nathan.daugherty@email.com,Glasgow,2025-10-26,Premium
572,Laura,Davis,laura.davis@email.com,Leeds,2026-03-07,Enterprise
573,Stephanie,Sparks,stephanie.sparks@email.com,Leeds,2025-08-06,Enterprise
574,Kelly,Perez,kelly.perez@email.com,Edinburgh,2025-02-23,Standard
575,Joshua,Massey,joshua.massey@email.com,Glasgow,2024-08-07,Enterprise
576,Dawn,Cantu,dawn.cantu@email.com,Bristol,2024-07-28,Premium
577,Julie,Mcknight,julie.mcknight@email.com,Sheffield,2024-08-25,Standard
578,Andrea,Valentine,andrea.valentine@email.com,Birmingham,2025-10-26,Standard
579,Kimberly,Hernandez,kimberly.hernandez@email.com,Sheffield,2026-06-07,Premium
580,Erik,Terry,erik.terry@email.com,Edinburgh,2025-06-23,Premium
581,Margaret,Kelley,margaret.kelley@email.com,Glasgow,2025-03-26,Premium
582,Michael,Franklin,michael.franklin@email.com,Sheffield,2024-09-18,Standard
583,Tara,Wallace,tara.wallace@email.com,Cardiff,2025-07-25,Enterprise
584,Jessica,Robinson,jessica.robinson@email.com,Manchester,2025-04-03,Enterprise
585,Stephanie,Stout,stephanie.stout@email.com,Liverpool,2025-03-19,Enterprise
586,Devin,Sparks,devin.sparks@email.com,Edinburgh,2025-05-16,Premium
587,Rachel,Becker,rachel.becker@email.com,Sheffield,2025-07-21,Enterprise
588,Christy,Beltran,christy.beltran@email.com,Liverpool,2025-04-26,Standard
589,Christopher,Jones,christopher.jones@email.com,Manchester,2025-07-03,Standard
590,Thomas,Pitts,thomas.pitts@email.com,Birmingham,2026-06-09,Premium
591,Rebecca,Brown,rebecca.brown@email.com,Birmingham,2025-02-23,Enterprise
592,Trevor,Pruitt,trevor.pruitt@email.com,Cardiff,2025-10-16,Premium
593,Daniel,Stewart,daniel.stewart@email.com,Manchester,2025-08-29,Enterprise
594,Brittany,Myers,brittany.myers@email.com,Liverpool,2025-05-14,Premium
595,Karla,Carroll,karla.carroll@email.com,Glasgow,2025-10-29,Standard
596,Elizabeth,Cook,elizabeth.cook@email.com,Manchester,2025-11-30,Premium
597,Mark,Patterson,mark.patterson@email.com,Birmingham,2026-02-23,Premium
598,Shirley,Scott,shirley.scott@email.com,Glasgow,2025-01-10,Standard
599,Dustin,Perez,dustin.perez@email.com,Bristol,2025-09-28,Enterprise
600,Yolanda,Smith,yolanda.smith@email.com,Bristol,2025-11-25,Enterprise
601,Laura,Robinson,laura.robinson@email.com,Glasgow,2024-09-05,Standard
602,Jennifer,Williams,jennifer.williams@email.com,Birmingham,2025-01-23,Enterprise
603,Anthony,Nunez,anthony.nunez@email.com,Manchester,2025-09-05,Standard
604,Scott,Perez,scott.perez@email.com,Birmingham,2024-11-25,Enterprise
605,Michelle,King,michelle.king@email.com,Bristol,2025-09-16,Standard
606,Tristan,Cook,tristan.cook@email.com,Bristol,2025-11-17,Standard
607,David,Carlson,david.carlson@email.com,Edinburgh,2025-05-03,Enterprise
608,Adam,Reyes,adam.reyes@email.com,Bristol,2025-10-23,Enterprise
609,Gregory,Gonzalez,gregory.gonzalez@email.com,Glasgow,2024-10-02,Standard
610,Breanna,Brown,breanna.brown@email.com,Cardiff,2025-01-01,Enterprise
611,Dale,Quinn,dale.quinn@email.com,Manchester,2025-11-20,Enterprise
612,Thomas,Jenkins,thomas.jenkins@email.com,Glasgow,2024-09-03,Premium
613,Michelle,Carter,michelle.carter@email.com,Birmingham,2025-02-13,Enterprise
614,Gloria,Jones,gloria.jones@email.com,Leeds,2025-11-26,Enterprise
615,Christina,Robinson,christina.robinson@email.com,London,2025-08-25,Enterprise
616,Lauren,Lee,lauren.lee@email.com,London,2025-04-01,Standard
617,Dawn,Dunlap,dawn.dunlap@email.com,Cardiff,2025-02-13,Premium
618,Jennifer,Conner,jennifer.conner@email.com,Glasgow,2024-08-18,Enterprise
619,Judy,Moody,judy.moody@email.com,Sheffield,2025-08-10,Premium
620,Linda,Foster,linda.foster@email.com,Edinburgh,2026-03-20,Enterprise
621,Kelly,Roberts,kelly.roberts@email.com,Liverpool,2025-09-18,Premium
622,Monica,Liu,monica.liu@email.com,Sheffield,2025-05-15,Premium
623,Jacqueline,Lee,jacqueline.lee@email.com,Cardiff,2025-03-18,Premium
624,Christopher,Lopez,christopher.lopez@email.com,Cardiff,2026-01-06,Standard
625,Christopher,Anderson,christopher.anderson@email.com,Edinburgh,2025-11-16,Premium
626,Dennis,Carpenter,dennis.carpenter@email.com,Bristol,2025-04-10,Standard
627,Spencer,Smith,spencer.smith@email.com,Birmingham,2026-03-31,Premium
628,Eric,Matthews,eric.matthews@email.com,Bristol,2025-05-10,Standard
629,Alyssa,Clark,alyssa.clark@email.com,Sheffield,2025-03-15,Standard
630,Michael,Berry,michael.berry@email.com,London,2024-08-31,Standard
631,Patricia,Gonzalez,patricia.gonzalez@email.com,Bristol,2025-04-03,Standard
632,Christina,Valdez,christina.valdez@email.com,Liverpool,2025-02-25,Enterprise
633,Kendra,Smith,kendra.smith@email.com,Manchester,2024-10-07,Standard
634,Jackson,Richardson,jackson.richardson@email.com,Liverpool,2026-05-16,Standard
635,Michael,Ellison,michael.ellison@email.com,Liverpool,2026-06-12,Enterprise
636,Carrie,Hunter,carrie.hunter@email.com,Birmingham,2025-02-04,Enterprise
637,Sean,Washington,sean.washington@email.com,Bristol,2024-12-02,Enterprise
638,Darrell,Greene,darrell.greene@email.com,Bristol,2025-06-20,Enterprise
639,Todd,Tucker,todd.tucker@email.com,Cardiff,2026-05-04,Premium
640,Dawn,Garcia,dawn.garcia@email.com,Leeds,2024-09-17,Enterprise
641,Luis,Wilson,luis.wilson@email.com,Leeds,2024-10-04,Premium
642,William,Melton,william.melton@email.com,London,2026-05-29,Premium
643,Melinda,Andrade,melinda.andrade@email.com,Birmingham,2025-11-12,Standard
644,Glenn,Clark,glenn.clark@email.com,Sheffield,2025-11-16,Premium
645,Jesse,Gordon,jesse.gordon@email.com,Leeds,2026-04-10,Standard
646,Walter,Edwards,walter.edwards@email.com,Edinburgh,2026-05-17,Standard
647,Kerry,Hobbs,kerry.hobbs@email.com,Birmingham,2026-03-11,Enterprise
648,Mark,Snyder,mark.snyder@email.com,London,2025-02-09,Enterprise
649,Stephen,Williams,stephen.williams@email.com,Bristol,2025-12-20,Premium
650,Amanda,Johnson,amanda.johnson@email.com,Liverpool,2025-04-21,Standard
651,Erik,Smith,erik.smith@email.com,Birmingham,2024-12-30,Enterprise
652,Thomas,Morris,thomas.morris@email.com,Glasgow,2026-04-15,Standard
653,Charles,Torres,charles.torres@email.com,Leeds,2026-04-02,Enterprise
654,Malik,Lopez,malik.lopez@email.com,Glasgow,2025-05-07,Enterprise
655,Denise,Smith,denise.smith@email.com,Leeds,2024-07-19,Enterprise
656,Anthony,Small,anthony.small@email.com,Cardiff,2025-11-15,Enterprise
657,Lisa,Hines,lisa.hines@email.com,Sheffield,2026-01-02,Premium
658,Erin,Rush,erin.rush@email.com,London,2025-06-17,Standard
659,Carla,Jennings,carla.jennings@email.com,Bristol,2025-02-17,Enterprise
660,Leah,Thomas,leah.thomas@email.com,Cardiff,2025-12-07,Premium
661,Frederick,Nelson,frederick.nelson@email.com,Manchester,2025-04-02,Standard
662,Steven,Moon,steven.moon@email.com,Bristol,2024-07-13,Standard
663,Pamela,Rogers,pamela.rogers@email.com,Birmingham,2025-02-02,Standard
664,Jaclyn,Sharp,jaclyn.sharp@email.com,Leeds,2026-01-31,Standard
665,Gerald,Robinson,gerald.robinson@email.com,Bristol,2026-04-26,Premium
666,Christopher,Webster,christopher.webster@email.com,Sheffield,2024-11-20,Enterprise
667,Linda,Bush,linda.bush@email.com,Glasgow,2025-10-25,Enterprise
668,Amanda,White,amanda.white@email.com,Sheffield,2026-02-19,Premium
669,Natalie,Rollins,natalie.rollins@email.com,Glasgow,2024-07-09,Standard
670,Diana,Norton,diana.norton@email.com,Edinburgh,2024-07-11,Standard
671,Shelby,Lucas,shelby.lucas@email.com,Bristol,2026-04-24,Standard
672,Douglas,Wilson,douglas.wilson@email.com,Sheffield,2025-12-12,Enterprise
673,Michael,Richmond,michael.richmond@email.com,Edinburgh,2025-03-05,Enterprise
674,Sean,Lee,sean.lee@email.com,Birmingham,2026-05-24,Premium
675,Nicholas,Doyle,nicholas.doyle@email.com,Birmingham,2025-10-18,Enterprise
676,Nicole,Williams,nicole.williams@email.com,Liverpool,2026-05-17,Standard
677,Jessica,Hoffman,jessica.hoffman@email.com,Liverpool,2024-08-12,Standard
678,Katherine,Hughes,katherine.hughes@email.com,Bristol,2025-01-02,Premium
679,Eric,Lamb,eric.lamb@email.com,London,2024-07-05,Premium
680,Yvette,Ross,yvette.ross@email.com,Leeds,2024-08-18,Standard
681,Lacey,Murphy,lacey.murphy@email.com,Leeds,2026-04-01,Enterprise
682,Edward,Acosta,edward.acosta@email.com,Glasgow,2025-04-23,Standard
683,Sarah,Escobar,sarah.escobar@email.com,Bristol,2025-04-07,Enterprise
684,Cynthia,Nichols,cynthia.nichols@email.com,Glasgow,2025-12-02,Premium
685,Glenn,Bonilla,glenn.bonilla@email.com,Bristol,2025-08-11,Standard
686,David,Miller,david.miller@email.com,Bristol,2026-03-10,Enterprise
687,Dylan,Mcclain,dylan.mcclain@email.com,Edinburgh,2024-07-14,Premium
688,Francisco,Martinez,francisco.martinez@email.com,Sheffield,2024-09-24,Enterprise
689,Samantha,Leon,samantha.leon@email.com,Cardiff,2026-02-07,Premium
690,Jake,Walters,jake.walters@email.com,Glasgow,2024-11-01,Enterprise
691,Gregory,Armstrong,gregory.armstrong@email.com,Cardiff,2025-10-11,Premium
692,Samuel,Rivera,samuel.rivera@email.com,Sheffield,2025-09-02,Enterprise
693,Michael,Murray,michael.murray@email.com,Bristol,2025-12-19,Standard
694,Michelle,Rush,michelle.rush@email.com,Sheffield,2025-08-08,Premium
695,Ricardo,Morris,ricardo.morris@email.com,London,2026-02-23,Premium
696,Mary,Taylor,mary.taylor@email.com,Sheffield,2025-10-17,Premium
697,Rebecca,Velez,rebecca.velez@email.com,London,2024-12-30,Standard
698,Mary,Stone,mary.stone@email.com,Sheffield,2024-07-22,Enterprise
699,Linda,Soto,linda.soto@email.com,Liverpool,2024-12-05,Standard
700,Vanessa,Chandler,vanessa.chandler@email.com,London,2024-10-13,Premium
701,William,Collins,william.collins@email.com,London,2025-04-17,Enterprise
702,Danielle,Martin,danielle.martin@email.com,Liverpool,2025-05-25,Standard
703,Kathy,Ramos,kathy.ramos@email.com,Cardiff,2025-07-27,Premium
704,Danielle,Pineda,danielle.pineda@email.com,Liverpool,2024-08-30,Premium
705,Daniel,Sherman,daniel.sherman@email.com,Edinburgh,2025-11-05,Enterprise
706,Adam,Sanford,adam.sanford@email.com,Sheffield,2024-09-28,Premium
707,Nancy,Figueroa,nancy.figueroa@email.com,Liverpool,2025-11-25,Enterprise
708,Tamara,Davila,tamara.davila@email.com,Glasgow,2025-01-14,Enterprise
709,Christopher,Malone,christopher.malone@email.com,Glasgow,2026-01-12,Premium
710,Jared,Smith,jared.smith@email.com,Leeds,2026-03-10,Premium
711,Jared,Duncan,jared.duncan@email.com,Glasgow,2024-09-23,Enterprise
712,Daniel,Fischer,daniel.fischer@email.com,Sheffield,2024-12-08,Enterprise
713,Anna,Schmidt,anna.schmidt@email.com,Edinburgh,2024-09-27,Enterprise
714,Justin,Walker,justin.walker@email.com,Bristol,2025-06-07,Premium
715,Clinton,Brown,clinton.brown@email.com,Sheffield,2025-09-04,Premium
716,Christine,Taylor,christine.taylor@email.com,London,2025-10-12,Premium
717,Paul,Evans,paul.evans@email.com,London,2025-07-28,Standard
718,Ronald,Gilbert,ronald.gilbert@email.com,Bristol,2026-05-22,Standard
719,Ana,Morales,ana.morales@email.com,Glasgow,2026-04-09,Enterprise
720,Theresa,Lewis,theresa.lewis@email.com,Bristol,2026-01-05,Standard
721,Jennifer,Holt,jennifer.holt@email.com,Leeds,2025-12-24,Premium
722,Sharon,Rodriguez,sharon.rodriguez@email.com,Leeds,2024-08-04,Premium
723,Laurie,Rodriguez,laurie.rodriguez@email.com,London,2025-10-13,Premium
724,Gregory,Griffith,gregory.griffith@email.com,Leeds,2025-07-13,Enterprise
725,Amy,Ray,amy.ray@email.com,Liverpool,2024-09-04,Enterprise
726,Lisa,Hobbs,lisa.hobbs@email.com,Bristol,2026-05-11,Enterprise
727,Sarah,Underwood,sarah.underwood@email.com,Bristol,2025-03-12,Standard
728,Zachary,Kirk,zachary.kirk@email.com,Edinburgh,2026-02-19,Enterprise
729,Karen,Roberts,karen.roberts@email.com,London,2026-03-17,Premium
730,Morgan,Walker,morgan.walker@email.com,Sheffield,2026-01-04,Standard
731,Dwayne,Hines,dwayne.hines@email.com,London,2024-07-11,Standard
732,Christopher,Cobb,christopher.cobb@email.com,Glasgow,2024-12-30,Enterprise
733,James,Vance,james.vance@email.com,London,2024-11-27,Enterprise
734,Frank,Ingram,frank.ingram@email.com,Glasgow,2026-05-22,Standard
735,Vickie,Hamilton,vickie.hamilton@email.com,London,2025-01-17,Premium
736,Laura,Pham,laura.pham@email.com,Edinburgh,2025-07-03,Premium
737,Joshua,Mills,joshua.mills@email.com,Bristol,2025-08-08,Enterprise
738,Roy,Becker,roy.becker@email.com,Bristol,2026-05-19,Standard
739,Karen,Taylor,karen.taylor@email.com,Manchester,2024-09-19,Premium
740,Paul,Mcdonald,paul.mcdonald@email.com,Manchester,2025-01-14,Premium
741,Chad,Meyer,chad.meyer@email.com,Manchester,2026-05-17,Enterprise
742,Natalie,Blake,natalie.blake@email.com,Liverpool,2024-09-13,Standard
743,Alexander,Howe,alexander.howe@email.com,Manchester,2025-08-09,Standard
744,Randall,Davis,randall.davis@email.com,Birmingham,2025-12-27,Standard
745,Kimberly,Smith,kimberly.smith@email.com,Glasgow,2025-06-02,Premium
746,Jason,King,jason.king@email.com,Edinburgh,2025-11-08,Standard
747,Anne,Estrada,anne.estrada@email.com,Manchester,2026-02-20,Enterprise
748,Timothy,Watkins,timothy.watkins@email.com,Manchester,2026-05-31,Standard
749,Amy,Casey,amy.casey@email.com,Glasgow,2026-03-24,Enterprise
750,Henry,Brooks,henry.brooks@email.com,Bristol,2024-07-12,Standard
751,Thomas,Mcgrath,thomas.mcgrath@email.com,Glasgow,2025-05-12,Enterprise
752,Kathy,Johnson,kathy.johnson@email.com,Leeds,2024-09-28,Premium
753,Jennifer,Smith,jennifer.smith@email.com,Glasgow,2026-03-12,Standard
754,Sergio,Klein,sergio.klein@email.com,Leeds,2025-05-26,Premium
755,Austin,Johnson,austin.johnson@email.com,Glasgow,2025-05-12,Premium
756,Amanda,Armstrong,amanda.armstrong@email.com,Birmingham,2026-05-26,Enterprise
757,Lori,Garcia,lori.garcia@email.com,Birmingham,2026-05-11,Enterprise
758,Gregory,Howell,gregory.howell@email.com,Birmingham,2024-09-03,Standard
759,Tommy,Stout,tommy.stout@email.com,London,2024-08-08,Premium
760,Alexander,Welch,alexander.welch@email.com,London,2025-03-26,Enterprise
761,Stephen,Baker,stephen.baker@email.com,Liverpool,2025-11-06,Enterprise
762,Samantha,Buchanan,samantha.buchanan@email.com,London,2026-01-28,Premium
763,Dawn,May,dawn.may@email.com,London,2026-03-11,Standard
764,Jennifer,Thomas,jennifer.thomas@email.com,Glasgow,2025-10-17,Premium
765,Ashley,Carroll,ashley.carroll@email.com,Glasgow,2025-04-26,Enterprise
766,Christopher,Weber,christopher.weber@email.com,Cardiff,2025-02-11,Enterprise
767,Gina,Brown,gina.brown@email.com,Birmingham,2024-08-23,Enterprise
768,Jennifer,Olson,jennifer.olson@email.com,London,2026-01-28,Premium
769,Deanna,Montgomery,deanna.montgomery@email.com,Birmingham,2024-11-18,Enterprise
770,Robert,Aguirre,robert.aguirre@email.com,Leeds,2025-11-21,Standard
771,Anthony,Buchanan,anthony.buchanan@email.com,Glasgow,2025-03-02,Premium
772,Amanda,Jones,amanda.jones@email.com,Sheffield,2025-08-24,Enterprise
773,Suzanne,Contreras,suzanne.contreras@email.com,Glasgow,2025-02-06,Standard
774,Jason,Garza,jason.garza@email.com,London,2025-12-02,Standard
775,Summer,Potter,summer.potter@email.com,Manchester,2026-06-09,Standard
776,Jasmine,Williams,jasmine.williams@email.com,Edinburgh,2026-01-25,Enterprise
777,James,Nguyen,james.nguyen@email.com,Bristol,2025-11-13,Enterprise
778,Adrienne,Powell,adrienne.powell@email.com,Cardiff,2025-01-06,Enterprise
779,Kimberly,Lopez,kimberly.lopez@email.com,Liverpool,2025-08-09,Premium
780,Mariah,Bauer,mariah.bauer@email.com,Glasgow,2025-12-11,Premium
781,Jessica,Miller,jessica.miller@email.com,Edinburgh,2025-12-03,Enterprise
782,Steven,Wood,steven.wood@email.com,Sheffield,2025-04-02,Premium
783,Antonio,Ballard,antonio.ballard@email.com,Edinburgh,2024-11-10,Premium
784,Karen,Hobbs,karen.hobbs@email.com,Liverpool,2026-03-26,Premium
785,Michael,Freeman,michael.freeman@email.com,Birmingham,2026-03-30,Premium
786,John,Anderson,john.anderson@email.com,Leeds,2024-10-12,Standard
787,Tiffany,Wang,tiffany.wang@email.com,Manchester,2025-05-21,Enterprise
788,Kevin,Gonzalez,kevin.gonzalez@email.com,Glasgow,2025-06-03,Enterprise
789,Sherri,Lane,sherri.lane@email.com,Edinburgh,2025-05-24,Standard
790,Sarah,Mitchell,sarah.mitchell@email.com,Sheffield,2024-09-21,Standard
791,Matthew,Santiago,matthew.santiago@email.com,Manchester,2025-09-08,Standard
792,Miranda,Wilson,miranda.wilson@email.com,Manchester,2025-05-07,Premium
793,Craig,Odom,craig.odom@email.com,London,2025-02-09,Standard
794,Erika,Fuentes,erika.fuentes@email.com,Liverpool,2025-06-18,Enterprise
795,Cathy,Graham,cathy.graham@email.com,London,2024-10-18,Standard
796,Meagan,Clarke,meagan.clarke@email.com,Sheffield,2024-08-01,Premium
797,Stephanie,Guzman,stephanie.guzman@email.com,Birmingham,2024-10-01,Enterprise
798,Sheila,David,sheila.david@email.com,Glasgow,2025-12-23,Standard
799,Andrea,Warner,andrea.warner@email.com,Liverpool,2025-03-03,Enterprise
800,Justin,Rivera,justin.rivera@email.com,London,2024-10-18,Premium
801,Sarah,Watson,sarah.watson@email.com,Edinburgh,2025-09-22,Standard
802,Amanda,Perry,amanda.perry@email.com,Manchester,2025-02-04,Premium
803,Jessica,Grant,jessica.grant@email.com,Bristol,2024-08-04,Enterprise
804,Ashley,Zuniga,ashley.zuniga@email.com,Sheffield,2024-09-08,Premium
805,Robert,Figueroa,robert.figueroa@email.com,Leeds,2026-06-29,Premium
806,Jamie,Sanchez,jamie.sanchez@email.com,Glasgow,2025-07-16,Premium
807,Charles,Woods,charles.woods@email.com,Liverpool,2025-08-25,Enterprise
808,Loretta,Lewis,loretta.lewis@email.com,Leeds,2025-08-26,Enterprise
809,Donald,Barnett,donald.barnett@email.com,Sheffield,2025-12-14,Enterprise
810,Blake,Spencer,blake.spencer@email.com,Edinburgh,2025-03-26,Standard
811,Gabriela,Brooks,gabriela.brooks@email.com,Cardiff,2025-09-06,Enterprise
812,Teresa,Cole,teresa.cole@email.com,London,2024-11-14,Standard
813,Christina,Brown,christina.brown@email.com,London,2025-04-18,Standard
814,Ryan,Joyce,ryan.joyce@email.com,Cardiff,2024-08-07,Enterprise
815,Jenna,Williams,jenna.williams@email.com,Edinburgh,2025-02-11,Premium
816,Steven,Wilson,steven.wilson@email.com,Edinburgh,2024-10-08,Enterprise
817,Shannon,Mcgrath,shannon.mcgrath@email.com,Liverpool,2026-03-06,Enterprise
818,Erika,Foster,erika.foster@email.com,London,2024-12-05,Premium
819,Brittany,Johnson,brittany.johnson@email.com,Sheffield,2025-06-09,Premium
820,Christopher,Payne,christopher.payne@email.com,Leeds,2025-10-28,Premium
821,Anthony,Mendez,anthony.mendez@email.com,Birmingham,2026-05-14,Standard
822,Nicole,Harris,nicole.harris@email.com,Liverpool,2025-08-18,Standard
823,Neil,Powell,neil.powell@email.com,Bristol,2026-03-20,Premium
824,Sarah,Hill,sarah.hill@email.com,Cardiff,2025-08-04,Enterprise
825,Matthew,Mack,matthew.mack@email.com,Bristol,2026-02-15,Enterprise
826,Kendra,Myers,kendra.myers@email.com,Bristol,2026-04-12,Enterprise
827,Elizabeth,Barber,elizabeth.barber@email.com,London,2025-10-02,Premium
828,Kenneth,Schultz,kenneth.schultz@email.com,Manchester,2026-02-04,Enterprise
829,Jessica,Young,jessica.young@email.com,Edinburgh,2024-08-29,Premium
830,Veronica,Krueger,veronica.krueger@email.com,Edinburgh,2026-03-02,Standard
831,Alan,Greene,alan.greene@email.com,Manchester,2025-01-01,Premium
832,Tammy,Jacobs,tammy.jacobs@email.com,Liverpool,2025-11-02,Premium
833,Roger,Nguyen,roger.nguyen@email.com,Liverpool,2025-09-23,Enterprise
834,Tiffany,Nolan,tiffany.nolan@email.com,Cardiff,2025-11-03,Premium
835,Diana,Anderson,diana.anderson@email.com,Leeds,2025-01-07,Standard
836,Lauren,Hensley,lauren.hensley@email.com,Glasgow,2024-08-10,Enterprise
837,Christine,Blanchard,christine.blanchard@email.com,Edinburgh,2025-05-12,Standard
838,Julie,Johnston,julie.johnston@email.com,Cardiff,2024-07-04,Premium
839,Autumn,Swanson,autumn.swanson@email.com,Glasgow,2025-10-26,Premium
840,Connor,Wilson,connor.wilson@email.com,Bristol,2024-11-19,Enterprise
841,Craig,Gonzalez,craig.gonzalez@email.com,Edinburgh,2026-04-23,Standard
842,Jessica,Mendez,jessica.mendez@email.com,Glasgow,2025-01-04,Premium
843,Charles,Douglas,charles.douglas@email.com,Edinburgh,2024-11-15,Standard
844,Katherine,Wang,katherine.wang@email.com,Bristol,2025-09-25,Enterprise
845,Robert,Thompson,robert.thompson@email.com,Leeds,2024-12-12,Standard
846,Joanne,Walters,joanne.walters@email.com,London,2025-10-26,Premium
847,Chelsea,Arellano,chelsea.arellano@email.com,Edinburgh,2024-11-23,Standard
848,Jonathan,Franco,jonathan.franco@email.com,London,2026-05-05,Standard
849,Peter,Sanchez,peter.sanchez@email.com,Edinburgh,2025-05-30,Enterprise
850,Kimberly,Alexander,kimberly.alexander@email.com,Manchester,2026-05-16,Standard
851,Kenneth,Hill,kenneth.hill@email.com,Edinburgh,2024-10-28,Standard
852,Dustin,Lee,dustin.lee@email.com,Manchester,2025-12-25,Enterprise
853,John,Guerrero,john.guerrero@email.com,Edinburgh,2026-03-11,Enterprise
854,Tanner,Williams,tanner.williams@email.com,Birmingham,2025-10-29,Enterprise
855,Brittany,Wallace,brittany.wallace@email.com,London,2024-09-18,Premium
856,Roberta,Brown,roberta.brown@email.com,Glasgow,2025-04-12,Enterprise
857,Anthony,Stevenson,anthony.stevenson@email.com,Sheffield,2024-07-11,Premium
858,Craig,Lin,craig.lin@email.com,London,2025-02-27,Enterprise
859,Rebekah,Smith,rebekah.smith@email.com,Sheffield,2026-06-01,Standard
860,Kathleen,Foster,kathleen.foster@email.com,Cardiff,2024-08-25,Enterprise
861,Nina,Brown,nina.brown@email.com,London,2025-08-10,Enterprise
862,Taylor,Bell,taylor.bell@email.com,Manchester,2025-07-26,Standard
863,Jose,Noble,jose.noble@email.com,Leeds,2024-08-18,Standard
864,Sharon,Saunders,sharon.saunders@email.com,Manchester,2025-09-13,Enterprise
865,Melissa,Swanson,melissa.swanson@email.com,Edinburgh,2024-09-01,Standard
866,Mary,Adkins,mary.adkins@email.com,Cardiff,2025-01-17,Enterprise
867,Darrell,Smith,darrell.smith@email.com,Liverpool,2024-10-04,Enterprise
868,James,Wilkinson,james.wilkinson@email.com,Liverpool,2025-12-28,Standard
869,Angela,Gonzales,angela.gonzales@email.com,Liverpool,2025-06-06,Premium
870,Amanda,Poole,amanda.poole@email.com,Edinburgh,2025-01-08,Premium
871,Angelica,Chung,angelica.chung@email.com,London,2026-05-24,Standard
872,Steven,Robinson,steven.robinson@email.com,Edinburgh,2026-06-25,Enterprise
873,Kristina,Reed,kristina.reed@email.com,Edinburgh,2025-02-20,Enterprise
874,Michael,Flores,michael.flores@email.com,London,2025-10-09,Enterprise
875,Michelle,Greer,michelle.greer@email.com,Sheffield,2026-01-12,Premium
876,Shelby,Nguyen,shelby.nguyen@email.com,Manchester,2026-05-10,Standard
877,David,Wheeler,david.wheeler@email.com,Liverpool,2025-11-26,Premium
878,Chris,Cox,chris.cox@email.com,Manchester,2025-03-17,Premium
879,Michele,Simmons,michele.simmons@email.com,Birmingham,2025-07-24,Premium
880,William,Klein,william.klein@email.com,Leeds,2025-05-02,Standard
881,Tina,Miller,tina.miller@email.com,Birmingham,2024-11-06,Premium
882,Theodore,Hall,theodore.hall@email.com,Liverpool,2026-05-27,Premium
883,Michael,Harris,michael.harris@email.com,Bristol,2024-08-07,Enterprise
884,Shawn,Smith,shawn.smith@email.com,Bristol,2026-05-17,Standard
885,Eric,Black,eric.black@email.com,Bristol,2024-08-01,Enterprise
886,Michael,Donovan,michael.donovan@email.com,Liverpool,2025-09-15,Premium
887,Christopher,Price,christopher.price@email.com,Cardiff,2026-05-17,Premium
888,Angela,Meyers,angela.meyers@email.com,Cardiff,2026-01-19,Premium
889,Joseph,Larson,joseph.larson@email.com,London,2025-04-30,Enterprise
890,Todd,Garcia,todd.garcia@email.com,Birmingham,2024-10-17,Standard
891,Christy,Lewis,christy.lewis@email.com,Sheffield,2024-09-13,Standard
892,Dorothy,Russell,dorothy.russell@email.com,Manchester,2025-11-28,Standard
893,Krystal,Espinoza,krystal.espinoza@email.com,Sheffield,2025-05-10,Premium
894,Stacy,Jackson,stacy.jackson@email.com,Sheffield,2024-08-18,Premium
895,Thomas,Smith,thomas.smith@email.com,Birmingham,2025-12-17,Premium
896,Mike,Olson,mike.olson@email.com,Bristol,2024-11-12,Standard
897,Jessica,Park,jessica.park@email.com,Bristol,2026-03-29,Enterprise
898,Daniel,Tran,daniel.tran@email.com,Cardiff,2025-04-13,Enterprise
899,Adam,Long,adam.long@email.com,Liverpool,2026-03-07,Standard
900,Katie,Walsh,katie.walsh@email.com,Leeds,2025-04-26,Standard
901,Emily,Frye,emily.frye@email.com,Edinburgh,2025-09-11,Premium
902,Brent,Richards,brent.richards@email.com,Leeds,2025-06-11,Premium
903,Christie,Larson,christie.larson@email.com,Edinburgh,2026-05-16,Standard
904,Rebecca,Alvarado,rebecca.alvarado@email.com,Sheffield,2025-07-09,Enterprise
905,Emily,Gutierrez,emily.gutierrez@email.com,Manchester,2025-02-03,Enterprise
906,Andrew,Cook,andrew.cook@email.com,Glasgow,2024-10-22,Standard
907,Alexis,West,alexis.west@email.com,Manchester,2024-07-29,Premium
908,Dorothy,Hill,dorothy.hill@email.com,Cardiff,2025-12-11,Enterprise
909,Christine,Salas,christine.salas@email.com,Bristol,2026-01-20,Premium
910,Kenneth,Cross,kenneth.cross@email.com,Leeds,2024-10-17,Standard
911,Kristen,Carroll,kristen.carroll@email.com,Birmingham,2024-11-02,Premium
912,Katie,Taylor,katie.taylor@email.com,Sheffield,2024-12-28,Enterprise
913,Savannah,Lara,savannah.lara@email.com,Manchester,2026-04-08,Enterprise
914,Shelby,Santana,shelby.santana@email.com,Sheffield,2025-08-08,Enterprise
915,Cassie,Hicks,cassie.hicks@email.com,Edinburgh,2024-07-08,Standard
916,Julie,Carr,julie.carr@email.com,Leeds,2025-12-09,Premium
917,Dave,Wells,dave.wells@email.com,Sheffield,2025-07-08,Standard
918,Michelle,Nichols,michelle.nichols@email.com,Cardiff,2024-12-08,Enterprise
919,Leonard,Hansen,leonard.hansen@email.com,Manchester,2025-01-09,Premium
920,Katrina,Brown,katrina.brown@email.com,Birmingham,2026-04-24,Standard
921,Anita,Smith,anita.smith@email.com,Cardiff,2025-11-11,Enterprise
922,Benjamin,Moore,benjamin.moore@email.com,Manchester,2025-07-17,Standard
923,Jennifer,Fisher,jennifer.fisher@email.com,Manchester,2024-07-20,Premium
924,Jill,Ross,jill.ross@email.com,Leeds,2025-04-08,Standard
925,Jennifer,Oneal,jennifer.oneal@email.com,London,2026-04-27,Standard
926,Marcus,Martinez,marcus.martinez@email.com,Edinburgh,2025-05-12,Enterprise
927,David,Jones,david.jones@email.com,Edinburgh,2026-03-30,Enterprise
928,Shelby,Hall,shelby.hall@email.com,Sheffield,2025-05-27,Premium
929,Jennifer,Moore,jennifer.moore@email.com,Birmingham,2025-10-24,Enterprise
930,Yvonne,Collins,yvonne.collins@email.com,Bristol,2024-11-19,Enterprise
931,George,Chapman,george.chapman@email.com,Liverpool,2024-12-27,Premium
932,Keith,Brown,keith.brown@email.com,Birmingham,2025-06-26,Standard
933,Tanya,Smith,tanya.smith@email.com,Cardiff,2026-03-05,Enterprise
934,Anthony,Taylor,anthony.taylor@email.com,Birmingham,2025-07-03,Enterprise
935,Anita,Travis,anita.travis@email.com,Liverpool,2026-02-25,Enterprise
936,Charles,Clements,charles.clements@email.com,London,2025-01-19,Enterprise
937,Hannah,Williams,hannah.williams@email.com,Manchester,2025-02-13,Enterprise
938,Debra,Zimmerman,debra.zimmerman@email.com,London,2024-07-02,Enterprise
939,Christopher,Perkins,christopher.perkins@email.com,Leeds,2025-03-17,Enterprise
940,Rebecca,Castillo,rebecca.castillo@email.com,Cardiff,2024-11-08,Enterprise
941,Vanessa,Faulkner,vanessa.faulkner@email.com,Manchester,2025-09-04,Enterprise
942,Kelly,Esparza,kelly.esparza@email.com,London,2025-10-10,Standard
943,Scott,Juarez,scott.juarez@email.com,Birmingham,2025-03-08,Standard
944,James,Reyes,james.reyes@email.com,Cardiff,2024-07-31,Premium
945,Crystal,Evans,crystal.evans@email.com,Glasgow,2026-02-04,Premium
946,Carlos,Cooley,carlos.cooley@email.com,Manchester,2025-08-06,Standard
947,Kathryn,Ortega,kathryn.ortega@email.com,Bristol,2024-11-02,Enterprise
948,Tammy,Houston,tammy.houston@email.com,Glasgow,2026-02-12,Enterprise
949,Eddie,Hodge,eddie.hodge@email.com,Edinburgh,2025-07-21,Enterprise
950,Stephen,Kim,stephen.kim@email.com,Cardiff,2025-08-03,Premium
951,Monique,Welch,monique.welch@email.com,Birmingham,2024-08-12,Standard
952,Matthew,Hurley,matthew.hurley@email.com,Manchester,2026-02-04,Standard
953,Jessica,Morgan,jessica.morgan@email.com,Sheffield,2026-04-02,Standard
954,Kevin,Lin,kevin.lin@email.com,Leeds,2025-04-23,Standard
955,Amanda,Patrick,amanda.patrick@email.com,London,2024-08-17,Standard
956,Cody,Rios,cody.rios@email.com,Liverpool,2025-08-28,Premium
957,Stacie,Johnson,stacie.johnson@email.com,London,2024-07-31,Premium
958,Shawn,Hale,shawn.hale@email.com,Cardiff,2024-09-09,Premium
959,Stephanie,Mcmillan,stephanie.mcmillan@email.com,Manchester,2025-01-20,Enterprise
960,Adrian,Moore,adrian.moore@email.com,Liverpool,2024-07-13,Standard
961,John,Scott,john.scott@email.com,Bristol,2025-07-19,Premium
962,Kelly,Burgess,kelly.burgess@email.com,Liverpool,2025-10-05,Standard
963,Walter,Christensen,walter.christensen@email.com,London,2025-05-05,Premium
964,Jose,Hayes,jose.hayes@email.com,London,2024-07-16,Enterprise
965,Anthony,Moreno,anthony.moreno@email.com,Liverpool,2025-04-12,Enterprise
966,Jose,Hopkins,jose.hopkins@email.com,Bristol,2025-03-31,Enterprise
967,Jessica,Campbell,jessica.campbell@email.com,Birmingham,2025-04-11,Standard
968,Diana,Jensen,diana.jensen@email.com,Liverpool,2024-10-27,Premium
969,Walter,Cook,walter.cook@email.com,Edinburgh,2024-12-09,Enterprise
970,Christopher,Williams,christopher.williams@email.com,Sheffield,2025-10-19,Standard
971,Brianna,Crawford,brianna.crawford@email.com,Liverpool,2024-09-20,Standard
972,Felicia,Mcguire,felicia.mcguire@email.com,Bristol,2026-01-24,Premium
973,Erica,Henderson,erica.henderson@email.com,Sheffield,2026-03-26,Enterprise
974,Steven,Nichols,steven.nichols@email.com,Leeds,2025-11-08,Premium
975,Carol,Campbell,carol.campbell@email.com,Cardiff,2025-03-31,Standard
976,Allison,Richardson,allison.richardson@email.com,Glasgow,2026-05-22,Enterprise
977,Elizabeth,Whitehead,elizabeth.whitehead@email.com,Birmingham,2024-12-25,Premium
978,Rhonda,Hurley,rhonda.hurley@email.com,Glasgow,2025-10-07,Standard
979,Lisa,Mccoy,lisa.mccoy@email.com,Liverpool,2025-07-26,Enterprise
980,Vanessa,Blackwell,vanessa.blackwell@email.com,Manchester,2025-05-26,Premium
981,Daniel,Marshall,daniel.marshall@email.com,Edinburgh,2024-07-02,Premium
982,Michael,Obrien,michael.obrien@email.com,Leeds,2025-12-30,Premium
983,Gregory,White,gregory.white@email.com,Edinburgh,2026-03-11,Standard
984,Donald,Burnett,donald.burnett@email.com,Birmingham,2026-03-23,Standard
985,Elizabeth,Jones,elizabeth.jones@email.com,Sheffield,2026-06-18,Enterprise
986,Max,Alexander,max.alexander@email.com,Manchester,2025-08-12,Standard
987,John,Rice,john.rice@email.com,Liverpool,2025-11-03,Premium
988,Amanda,Brown,amanda.brown@email.com,Edinburgh,2025-11-29,Premium
989,George,Patterson,george.patterson@email.com,Glasgow,2026-05-12,Enterprise
990,Kathleen,Murphy,kathleen.murphy@email.com,Leeds,2026-03-19,Premium
991,Elizabeth,Price,elizabeth.price@email.com,Liverpool,2025-03-04,Standard
992,Angel,Mora,angel.mora@email.com,Edinburgh,2024-09-17,Enterprise
993,Howard,Sweeney,howard.sweeney@email.com,Sheffield,2025-04-29,Enterprise
994,Todd,Jones,todd.jones@email.com,Manchester,2026-06-14,Enterprise
995,Samuel,Graham,samuel.graham@email.com,Birmingham,2025-08-25,Standard
996,Kevin,Duncan,kevin.duncan@email.com,Edinburgh,2025-09-07,Standard
997,Erin,Hernandez,erin.hernandez@email.com,London,2024-07-05,Premium
998,Michelle,Stanley,michelle.stanley@email.com,Liverpool,2024-12-03,Standard
999,Kaitlyn,Johnson,kaitlyn.johnson@email.com,Manchester,2024-07-04,Premium
1000,Lucas,Greer,lucas.greer@email.com,London,2024-09-06,Standard
