order_id,customer_id,order_date,warehouse,order_status,payment_method,delivery_date
1,528,2026-03-18,London,Cancelled,Bank Transfer,2026-04-03
2,743,2025-11-22,Manchester,Delivered,PayPal,2025-12-09
3,858,2025-08-27,Manchester,Processing,Bank Transfer,2025-08-28
4,194,2026-06-04,London,Cancelled,PayPal,2026-06-12
5,894,2025-08-20,Manchester,Cancelled,Bank Transfer,2025-09-15
6,83,2025-07-03,London,Cancelled,PayPal,2025-07-18
7,478,2026-02-04,London,Returned,PayPal,2026-02-09
8,361,2026-02-13,Edinburgh,Returned,Bank Transfer,2026-02-17
9,969,2025-09-09,Birmingham,Processing,Card,2025-09-21
10,186,2025-11-06,Manchester,Cancelled,Card,2025-11-17
11,971,2025-11-30,Manchester,Processing,Card,2025-12-26
12,847,2025-10-07,Manchester,Processing,Card,2025-10-19
13,158,2025-10-15,London,Returned,PayPal,2025-11-10
14,256,2025-10-26,London,Processing,Bank Transfer,2025-11-23
15,759,2026-03-25,Edinburgh,Processing,Card,2026-04-21
16,633,2026-05-29,Edinburgh,Cancelled,Bank Transfer,2026-06-17
17,278,2026-05-05,Edinburgh,Cancelled,Card,2026-05-20
18,606,2026-01-19,Birmingham,Returned,Card,2026-01-25
19,713,2025-10-04,Birmingham,Returned,PayPal,2025-10-07
20,385,2025-07-18,Manchester,Returned,Card,2025-08-04
21,470,2026-01-23,Manchester,Cancelled,Card,2026-02-10
22,710,2025-12-22,Manchester,Returned,Card,2026-01-07
23,215,2025-10-18,Manchester,Processing,Card,2025-11-06
24,862,2026-06-20,Manchester,Returned,Bank Transfer,2026-06-30
25,924,2025-12-10,London,Cancelled,Bank Transfer,2025-12-24
26,11,2026-01-08,London,Delivered,Card,2026-02-03
27,693,2026-06-16,Manchester,Delivered,PayPal,2026-06-19
28,972,2026-03-31,Birmingham,Returned,Card,2026-04-10
29,160,2025-08-09,Birmingham,Cancelled,PayPal,2025-08-18
30,482,2025-07-02,Edinburgh,Cancelled,PayPal,2025-07-22
31,146,2026-01-29,Manchester,Delivered,Bank Transfer,2026-02-25
32,992,2026-01-27,Manchester,Delivered,Bank Transfer,2026-02-19
33,704,2025-08-15,London,Delivered,PayPal,2025-09-11
34,795,2025-09-16,Manchester,Delivered,Bank Transfer,2025-09-22
35,139,2026-03-27,London,Processing,Bank Transfer,2026-04-14
36,502,2026-02-28,London,Cancelled,Card,2026-03-01
37,425,2026-06-17,London,Processing,Bank Transfer,2026-06-24
38,777,2026-04-24,Edinburgh,Returned,PayPal,2026-05-08
39,242,2025-08-05,Birmingham,Processing,PayPal,2025-08-10
40,159,2025-09-14,Birmingham,Processing,PayPal,2025-09-21
41,474,2026-01-14,Birmingham,Delivered,PayPal,2026-01-23
42,704,2026-05-05,Edinburgh,Cancelled,PayPal,2026-05-15
43,226,2026-02-23,London,Cancelled,Card,2026-03-21
44,807,2026-02-15,Edinburgh,Processing,Card,2026-02-24
45,585,2025-12-18,Birmingham,Processing,Bank Transfer,2025-12-23
46,461,2026-04-06,Edinburgh,Processing,Bank Transfer,2026-04-19
47,872,2025-08-11,Edinburgh,Returned,PayPal,2025-08-16
48,79,2025-09-15,Birmingham,Cancelled,Card,2025-10-08
49,943,2025-11-30,London,Cancelled,PayPal,2025-12-08
50,618,2026-06-17,Edinburgh,Delivered,PayPal,2026-07-01
51,878,2025-10-28,London,Cancelled,Bank Transfer,2025-11-26
52,283,2025-07-01,Edinburgh,Cancelled,PayPal,2025-07-06
53,217,2025-08-28,Birmingham,Cancelled,PayPal,2025-09-13
54,99,2026-04-11,London,Cancelled,PayPal,2026-04-22
55,227,2026-03-06,Birmingham,Delivered,Card,2026-03-28
56,825,2025-08-25,Edinburgh,Processing,PayPal,2025-09-08
57,343,2026-06-01,London,Processing,Card,2026-06-03
58,61,2025-12-27,Edinburgh,Returned,Bank Transfer,2025-12-30
59,610,2025-09-16,Edinburgh,Processing,Bank Transfer,2025-09-24
60,819,2026-01-03,Birmingham,Cancelled,Card,2026-01-17
61,966,2025-08-19,Birmingham,Delivered,Card,2025-08-21
62,455,2025-07-28,Edinburgh,Processing,Card,2025-08-26
63,9,2026-01-26,Edinburgh,Delivered,Bank Transfer,2026-02-09
64,146,2026-01-13,Edinburgh,Returned,PayPal,2026-01-14
65,393,2025-12-17,Manchester,Delivered,Bank Transfer,2025-12-18
66,838,2026-06-14,Edinburgh,Cancelled,Card,2026-07-11
67,20,2026-06-14,Birmingham,Cancelled,Card,2026-06-29
68,275,2026-01-14,Birmingham,Returned,Card,2026-01-23
69,468,2025-07-06,Manchester,Cancelled,Bank Transfer,2025-07-17
70,701,2026-03-16,Birmingham,Processing,Card,2026-03-26
71,302,2026-02-11,London,Cancelled,Card,2026-02-19
72,296,2026-02-08,Edinburgh,Cancelled,Bank Transfer,2026-02-21
73,211,2026-04-16,Edinburgh,Delivered,Bank Transfer,2026-04-20
74,442,2025-07-23,Edinburgh,Processing,PayPal,2025-08-12
75,852,2025-09-28,London,Cancelled,Card,2025-10-24
76,534,2026-04-09,Birmingham,Delivered,Bank Transfer,2026-04-21
77,719,2025-07-14,Manchester,Delivered,Card,2025-07-15
78,143,2026-01-14,Birmingham,Delivered,Bank Transfer,2026-01-20
79,328,2026-04-06,Manchester,Delivered,Card,2026-04-10
80,394,2026-01-30,Manchester,Processing,Card,2026-02-13
81,912,2026-02-20,Edinburgh,Delivered,Bank Transfer,2026-03-20
82,671,2025-09-11,London,Cancelled,PayPal,2025-09-12
83,447,2026-05-06,Edinburgh,Delivered,Card,2026-06-01
84,126,2025-08-10,Manchester,Processing,PayPal,2025-08-21
85,699,2025-07-17,Edinburgh,Delivered,PayPal,2025-08-12
86,33,2025-11-15,Manchester,Cancelled,Card,2025-12-10
87,840,2025-11-18,Manchester,Delivered,PayPal,2025-11-28
88,426,2025-12-02,Edinburgh,Processing,Bank Transfer,2025-12-29
89,664,2026-01-13,Edinburgh,Returned,Card,2026-02-08
90,304,2026-01-03,Edinburgh,Cancelled,Bank Transfer,2026-01-18
91,735,2026-06-19,Edinburgh,Returned,Card,2026-06-22
92,175,2026-04-21,Manchester,Delivered,PayPal,2026-05-15
93,266,2026-04-18,Manchester,Delivered,PayPal,2026-05-09
94,345,2025-08-08,Birmingham,Returned,Bank Transfer,2025-09-02
95,187,2026-01-22,Manchester,Delivered,Bank Transfer,2026-02-01
96,420,2025-11-01,London,Returned,Bank Transfer,2025-11-17
97,207,2025-11-25,Manchester,Returned,Bank Transfer,2025-12-06
98,166,2025-12-11,Edinburgh,Processing,Bank Transfer,2026-01-10
99,538,2026-02-16,London,Processing,Bank Transfer,2026-02-26
100,729,2026-03-09,London,Processing,PayPal,2026-03-19
101,415,2025-10-15,Manchester,Returned,Card,2025-10-29
102,612,2025-10-31,London,Processing,Bank Transfer,2025-11-02
103,186,2025-10-25,Birmingham,Processing,Bank Transfer,2025-11-13
104,997,2026-01-27,London,Cancelled,Card,2026-02-23
105,705,2025-10-31,Edinburgh,Delivered,Card,2025-11-11
106,602,2025-07-04,Birmingham,Delivered,Bank Transfer,2025-07-24
107,606,2026-03-09,Birmingham,Delivered,Bank Transfer,2026-03-27
108,305,2025-07-29,Edinburgh,Cancelled,Card,2025-08-07
109,851,2025-09-03,London,Returned,PayPal,2025-09-04
110,745,2026-05-22,London,Cancelled,Card,2026-05-25
111,496,2026-03-03,Birmingham,Cancelled,Card,2026-03-26
112,424,2026-02-05,Manchester,Delivered,Bank Transfer,2026-02-23
113,922,2025-12-02,London,Processing,PayPal,2025-12-04
114,622,2026-02-10,London,Processing,Card,2026-02-16
115,586,2025-11-03,Edinburgh,Delivered,PayPal,2025-11-24
116,433,2025-12-29,London,Returned,Bank Transfer,2026-01-17
117,262,2026-04-25,Birmingham,Delivered,Card,2026-05-21
118,855,2025-12-17,Manchester,Cancelled,PayPal,2026-01-04
119,86,2025-11-09,London,Cancelled,PayPal,2025-11-27
120,366,2025-10-21,Edinburgh,Delivered,Card,2025-11-10
121,135,2026-01-11,Birmingham,Returned,Bank Transfer,2026-02-10
122,591,2025-09-30,Edinburgh,Processing,Card,2025-10-17
123,674,2025-09-11,Edinburgh,Processing,Bank Transfer,2025-10-01
124,962,2026-05-29,Manchester,Cancelled,Bank Transfer,2026-06-21
125,646,2026-02-04,Edinburgh,Delivered,Bank Transfer,2026-02-15
126,683,2026-05-20,Manchester,Delivered,Bank Transfer,2026-06-11
127,256,2026-03-24,Edinburgh,Returned,Card,2026-03-31
128,668,2026-06-12,Edinburgh,Returned,Card,2026-06-22
129,947,2025-12-08,Edinburgh,Processing,Bank Transfer,2025-12-23
130,852,2025-09-08,Birmingham,Returned,PayPal,2025-09-28
131,435,2026-04-02,London,Cancelled,PayPal,2026-04-23
132,569,2025-10-24,Edinburgh,Returned,Bank Transfer,2025-11-09
133,920,2025-11-28,Birmingham,Processing,Card,2025-12-14
134,811,2026-06-22,Manchester,Cancelled,Card,2026-07-08
135,105,2025-10-25,Edinburgh,Cancelled,Card,2025-11-02
136,257,2025-11-04,Edinburgh,Returned,Card,2025-12-02
137,56,2026-01-01,Manchester,Processing,Card,2026-01-21
138,417,2025-09-20,Manchester,Delivered,Bank Transfer,2025-09-26
139,496,2026-04-15,Manchester,Returned,Card,2026-05-10
140,877,2026-05-28,London,Processing,Bank Transfer,2026-06-09
141,85,2026-06-04,Edinburgh,Delivered,Bank Transfer,2026-06-05
142,528,2026-06-02,Manchester,Cancelled,PayPal,2026-06-08
143,547,2026-05-13,London,Processing,Card,2026-05-24
144,295,2025-09-10,London,Processing,Bank Transfer,2025-09-22
145,690,2026-03-04,Edinburgh,Returned,Bank Transfer,2026-03-14
146,507,2026-06-25,Manchester,Processing,Card,2026-07-01
147,65,2026-05-31,Edinburgh,Cancelled,Bank Transfer,2026-06-04
148,99,2025-11-25,Manchester,Cancelled,PayPal,2025-11-27
149,66,2025-09-10,Manchester,Returned,PayPal,2025-10-08
150,152,2025-11-14,Birmingham,Processing,Bank Transfer,2025-11-27
151,933,2025-07-13,Birmingham,Returned,Card,2025-07-21
152,759,2026-04-23,Edinburgh,Returned,PayPal,2026-04-30
153,614,2025-11-29,Edinburgh,Returned,Card,2025-12-13
154,342,2026-01-19,London,Delivered,PayPal,2026-02-03
155,542,2025-10-07,Birmingham,Cancelled,Card,2025-10-15
156,589,2025-09-25,Edinburgh,Processing,PayPal,2025-10-16
157,328,2025-07-21,London,Cancelled,PayPal,2025-08-11
158,285,2026-04-17,Edinburgh,Cancelled,Bank Transfer,2026-05-07
159,762,2025-08-16,London,Cancelled,PayPal,2025-09-08
160,433,2025-07-28,London,Cancelled,Card,2025-08-27
161,585,2026-03-31,London,Delivered,Bank Transfer,2026-04-28
162,337,2025-11-13,Birmingham,Delivered,Card,2025-11-18
163,604,2025-09-02,Birmingham,Cancelled,Bank Transfer,2025-10-02
164,58,2025-08-11,London,Delivered,PayPal,2025-08-13
165,53,2026-03-17,Edinburgh,Cancelled,Bank Transfer,2026-03-24
166,226,2026-01-01,Birmingham,Delivered,Card,2026-01-22
167,227,2026-05-14,London,Returned,Bank Transfer,2026-05-31
168,183,2025-08-26,Manchester,Returned,Card,2025-09-04
169,313,2025-08-14,Edinburgh,Delivered,Bank Transfer,2025-08-19
170,894,2026-04-05,Birmingham,Delivered,Bank Transfer,2026-04-28
171,106,2025-10-21,London,Cancelled,Card,2025-11-12
172,265,2025-11-27,Edinburgh,Cancelled,PayPal,2025-12-23
173,992,2025-11-26,Birmingham,Processing,PayPal,2025-12-06
174,314,2026-01-31,Edinburgh,Processing,Card,2026-02-24
175,700,2026-05-03,Birmingham,Delivered,Card,2026-05-17
176,358,2025-10-25,Edinburgh,Returned,PayPal,2025-11-18
177,281,2025-10-18,Manchester,Delivered,Card,2025-10-30
178,756,2026-03-07,Manchester,Returned,Bank Transfer,2026-04-01
179,466,2025-09-08,Birmingham,Cancelled,Card,2025-09-30
180,209,2026-06-04,Manchester,Returned,Bank Transfer,2026-06-19
181,703,2026-05-31,Edinburgh,Returned,Bank Transfer,2026-06-27
182,190,2026-06-13,Manchester,Returned,Bank Transfer,2026-06-29
183,646,2026-01-21,London,Returned,PayPal,2026-02-20
184,609,2025-10-29,Birmingham,Processing,Bank Transfer,2025-11-08
185,462,2025-07-27,Manchester,Returned,Bank Transfer,2025-08-18
186,892,2025-07-19,Birmingham,Delivered,Card,2025-07-20
187,777,2025-07-11,Edinburgh,Processing,PayPal,2025-08-08
188,979,2026-06-06,London,Processing,Card,2026-06-16
189,473,2025-08-07,Manchester,Returned,PayPal,2025-08-29
190,829,2026-05-13,Edinburgh,Delivered,PayPal,2026-05-23
191,995,2026-01-21,Manchester,Cancelled,PayPal,2026-01-27
192,521,2025-08-27,London,Cancelled,Card,2025-09-09
193,406,2025-09-07,Birmingham,Processing,Bank Transfer,2025-10-03
194,142,2026-05-03,London,Returned,Card,2026-06-02
195,25,2026-01-29,Edinburgh,Processing,Card,2026-02-18
196,541,2026-03-31,Birmingham,Delivered,Bank Transfer,2026-04-13
197,806,2026-05-09,Manchester,Cancelled,PayPal,2026-05-10
198,466,2025-08-27,Birmingham,Processing,Bank Transfer,2025-08-31
199,151,2025-10-09,Birmingham,Cancelled,PayPal,2025-11-01
200,944,2025-08-02,Edinburgh,Cancelled,Bank Transfer,2025-08-05
201,422,2026-04-21,London,Returned,Card,2026-05-11
202,887,2026-03-14,Manchester,Returned,Bank Transfer,2026-03-17
203,219,2026-04-19,Edinburgh,Returned,Bank Transfer,2026-04-21
204,304,2025-07-02,Edinburgh,Returned,Card,2025-07-15
205,432,2025-11-12,London,Delivered,PayPal,2025-12-06
206,685,2025-09-23,Manchester,Cancelled,Bank Transfer,2025-10-05
207,370,2025-11-28,London,Returned,PayPal,2025-12-08
208,588,2026-04-28,Birmingham,Cancelled,PayPal,2026-05-08
209,797,2026-04-14,Manchester,Processing,Card,2026-05-11
210,376,2025-09-22,London,Cancelled,Bank Transfer,2025-10-14
211,264,2026-05-29,Edinburgh,Cancelled,Bank Transfer,2026-06-02
212,199,2026-04-07,Manchester,Processing,PayPal,2026-05-04
213,298,2026-02-28,London,Returned,Card,2026-03-08
214,577,2026-06-25,London,Delivered,Bank Transfer,2026-07-19
215,892,2025-07-08,Birmingham,Cancelled,Bank Transfer,2025-07-09
216,26,2026-02-20,London,Cancelled,Bank Transfer,2026-02-23
217,975,2026-03-14,London,Processing,PayPal,2026-03-16
218,471,2026-04-24,London,Delivered,PayPal,2026-04-25
219,145,2026-04-15,Edinburgh,Processing,PayPal,2026-05-15
220,927,2026-03-10,Birmingham,Returned,Card,2026-03-30
221,504,2026-06-30,Edinburgh,Cancelled,Bank Transfer,2026-07-20
222,537,2026-04-15,Birmingham,Cancelled,PayPal,2026-05-12
223,764,2026-01-11,Birmingham,Returned,Bank Transfer,2026-01-31
224,51,2025-08-01,London,Returned,Card,2025-08-06
225,736,2025-09-04,Manchester,Cancelled,Bank Transfer,2025-09-13
226,657,2026-01-03,London,Cancelled,Bank Transfer,2026-02-02
227,251,2025-12-30,Manchester,Delivered,PayPal,2026-01-05
228,67,2025-07-05,Manchester,Delivered,Card,2025-07-06
229,466,2025-09-30,Birmingham,Delivered,PayPal,2025-10-10
230,818,2026-07-01,Manchester,Returned,PayPal,2026-07-14
231,554,2025-12-07,Edinburgh,Cancelled,Bank Transfer,2025-12-26
232,504,2026-06-12,Manchester,Delivered,PayPal,2026-07-06
233,903,2026-03-09,Manchester,Returned,Bank Transfer,2026-03-12
234,627,2026-04-04,Birmingham,Processing,Card,2026-04-21
235,165,2025-07-13,Edinburgh,Cancelled,Card,2025-08-02
236,5,2025-09-21,Manchester,Returned,PayPal,2025-10-09
237,673,2025-07-12,Birmingham,Returned,Bank Transfer,2025-07-28
238,616,2025-10-06,Edinburgh,Delivered,Card,2025-11-01
239,314,2026-05-25,Birmingham,Cancelled,Bank Transfer,2026-06-08
240,700,2025-08-24,London,Returned,Card,2025-08-30
241,409,2025-09-19,Manchester,Processing,PayPal,2025-10-11
242,768,2026-05-08,London,Cancelled,Bank Transfer,2026-05-12
243,923,2025-08-07,Manchester,Returned,Bank Transfer,2025-08-22
244,857,2025-09-06,Birmingham,Delivered,Bank Transfer,2025-09-07
245,475,2026-03-28,London,Processing,Bank Transfer,2026-04-26
246,38,2026-05-20,London,Returned,PayPal,2026-06-05
247,780,2025-09-17,London,Returned,Card,2025-09-22
248,363,2025-10-13,Edinburgh,Delivered,Bank Transfer,2025-11-06
249,794,2026-03-22,London,Processing,Bank Transfer,2026-04-05
250,212,2026-04-28,London,Cancelled,Bank Transfer,2026-05-28
251,686,2026-06-25,London,Cancelled,Bank Transfer,2026-07-25
252,541,2026-06-26,Edinburgh,Cancelled,PayPal,2026-07-15
253,165,2025-09-26,Edinburgh,Delivered,Card,2025-10-25
254,782,2026-04-20,Manchester,Cancelled,PayPal,2026-05-16
255,832,2026-05-10,Birmingham,Returned,Bank Transfer,2026-05-20
256,691,2026-06-04,London,Delivered,Bank Transfer,2026-06-14
257,28,2026-02-24,Edinburgh,Delivered,Card,2026-03-11
258,396,2025-09-13,Birmingham,Processing,Card,2025-10-02
259,156,2026-03-10,Manchester,Processing,Card,2026-03-12
260,983,2025-08-09,London,Delivered,PayPal,2025-08-17
261,27,2025-09-01,Edinburgh,Delivered,PayPal,2025-09-15
262,640,2025-10-07,Birmingham,Processing,Bank Transfer,2025-10-18
263,434,2026-03-14,London,Cancelled,Bank Transfer,2026-03-16
264,708,2026-02-18,Edinburgh,Returned,Card,2026-03-03
265,19,2025-09-22,Edinburgh,Delivered,Bank Transfer,2025-09-27
266,837,2025-07-27,Manchester,Delivered,Card,2025-08-17
267,487,2026-06-02,Edinburgh,Processing,PayPal,2026-06-23
268,508,2025-09-05,Manchester,Returned,PayPal,2025-10-05
269,895,2026-06-26,London,Delivered,PayPal,2026-06-28
270,528,2026-03-26,London,Delivered,PayPal,2026-04-08
271,13,2026-01-21,London,Returned,Card,2026-02-17
272,395,2026-05-12,Manchester,Returned,PayPal,2026-06-01
273,812,2025-11-23,Manchester,Cancelled,Bank Transfer,2025-12-12
274,466,2025-11-10,London,Delivered,Card,2025-12-09
275,501,2025-10-04,Birmingham,Cancelled,Card,2025-10-10
276,534,2025-07-20,Manchester,Processing,Bank Transfer,2025-08-07
277,383,2026-01-20,London,Cancelled,PayPal,2026-02-16
278,24,2026-01-24,London,Processing,Card,2026-02-22
279,112,2026-04-25,Edinburgh,Delivered,Card,2026-04-27
280,455,2026-01-25,Manchester,Processing,PayPal,2026-02-04
281,181,2026-05-23,Birmingham,Processing,PayPal,2026-06-19
282,738,2025-10-28,Edinburgh,Cancelled,Bank Transfer,2025-11-22
283,233,2025-07-13,Birmingham,Delivered,PayPal,2025-08-02
284,562,2025-11-15,Birmingham,Processing,Bank Transfer,2025-12-08
285,139,2025-07-26,London,Returned,Card,2025-08-06
286,337,2025-08-28,Birmingham,Cancelled,Card,2025-09-02
287,248,2026-01-13,Edinburgh,Processing,Bank Transfer,2026-01-18
288,275,2025-09-22,Birmingham,Delivered,Bank Transfer,2025-10-12
289,127,2026-04-14,Edinburgh,Processing,Bank Transfer,2026-05-09
290,874,2026-04-30,Birmingham,Delivered,PayPal,2026-05-07
291,777,2026-03-02,London,Returned,Bank Transfer,2026-03-12
292,790,2025-08-19,Birmingham,Processing,Card,2025-09-17
293,698,2025-08-07,Edinburgh,Processing,PayPal,2025-08-27
294,633,2026-04-06,Birmingham,Delivered,Bank Transfer,2026-04-15
295,734,2025-08-18,Birmingham,Delivered,Card,2025-08-20
296,399,2026-03-13,Manchester,Processing,Card,2026-03-25
297,885,2026-04-09,Birmingham,Returned,Bank Transfer,2026-05-07
298,162,2026-04-18,Manchester,Delivered,Bank Transfer,2026-05-17
299,238,2025-09-07,London,Processing,PayPal,2025-09-08
300,850,2025-10-29,London,Cancelled,PayPal,2025-11-14
301,374,2026-01-09,Manchester,Returned,PayPal,2026-02-03
302,573,2025-11-04,Edinburgh,Delivered,PayPal,2025-11-25
303,471,2026-02-21,Edinburgh,Processing,Card,2026-02-22
304,802,2026-06-21,Birmingham,Returned,Bank Transfer,2026-07-03
305,484,2026-03-02,Manchester,Returned,Card,2026-03-31
306,792,2025-07-16,Manchester,Cancelled,PayPal,2025-07-26
307,464,2025-08-22,Manchester,Returned,Card,2025-09-04
308,246,2026-06-13,Manchester,Processing,Bank Transfer,2026-07-04
309,294,2025-07-11,Edinburgh,Delivered,Card,2025-08-01
310,353,2026-03-18,Edinburgh,Cancelled,PayPal,2026-04-07
311,505,2025-07-19,Manchester,Delivered,Bank Transfer,2025-08-05
312,409,2026-01-07,Manchester,Delivered,Card,2026-01-15
313,98,2026-03-12,Edinburgh,Returned,Card,2026-03-16
314,147,2025-07-16,London,Delivered,Card,2025-08-03
315,409,2026-04-20,Edinburgh,Returned,Bank Transfer,2026-04-29
316,229,2026-05-26,Birmingham,Processing,Bank Transfer,2026-06-15
317,701,2026-02-17,Edinburgh,Returned,Card,2026-03-17
318,518,2026-04-09,Edinburgh,Delivered,PayPal,2026-05-04
319,402,2026-05-04,London,Returned,PayPal,2026-05-25
320,437,2026-01-11,Manchester,Cancelled,Card,2026-02-02
321,745,2026-03-11,Birmingham,Delivered,Card,2026-03-13
322,534,2026-05-23,Birmingham,Returned,PayPal,2026-05-26
323,21,2026-04-24,Birmingham,Delivered,PayPal,2026-05-10
324,954,2025-07-07,Manchester,Cancelled,PayPal,2025-07-12
325,506,2026-03-04,Manchester,Delivered,Card,2026-03-30
326,817,2025-08-30,London,Returned,PayPal,2025-09-20
327,926,2026-02-03,Edinburgh,Processing,PayPal,2026-02-20
328,79,2025-08-20,Edinburgh,Delivered,PayPal,2025-08-21
329,194,2026-05-29,Birmingham,Delivered,PayPal,2026-06-03
330,439,2026-04-28,Manchester,Processing,PayPal,2026-05-03
331,466,2026-01-02,Manchester,Processing,Card,2026-01-10
332,748,2025-07-01,Manchester,Processing,Bank Transfer,2025-07-11
333,551,2025-12-27,Manchester,Delivered,PayPal,2026-01-18
334,876,2026-07-01,London,Processing,Card,2026-07-28
335,573,2026-05-27,London,Delivered,PayPal,2026-05-31
336,395,2026-04-19,Manchester,Delivered,Card,2026-05-03
337,651,2025-07-31,Edinburgh,Cancelled,Bank Transfer,2025-08-17
338,601,2025-07-05,Manchester,Returned,PayPal,2025-08-04
339,646,2026-02-15,London,Processing,Bank Transfer,2026-02-17
340,492,2025-07-28,Birmingham,Returned,Card,2025-08-09
341,271,2025-08-02,Manchester,Returned,Card,2025-08-06
342,604,2026-04-16,Birmingham,Returned,Bank Transfer,2026-04-22
343,549,2025-12-06,Edinburgh,Processing,PayPal,2025-12-26
344,827,2026-02-06,London,Delivered,Card,2026-02-18
345,360,2026-01-16,Edinburgh,Delivered,Bank Transfer,2026-02-06
346,428,2026-06-04,Edinburgh,Processing,Bank Transfer,2026-06-05
347,66,2026-03-15,Edinburgh,Processing,PayPal,2026-04-02
348,660,2026-06-12,Edinburgh,Delivered,PayPal,2026-07-04
349,375,2025-07-25,London,Processing,Card,2025-08-23
350,553,2026-06-17,London,Returned,PayPal,2026-07-14
351,45,2025-08-30,London,Returned,Card,2025-09-15
352,909,2025-10-09,London,Cancelled,PayPal,2025-10-19
353,306,2025-11-17,Manchester,Returned,PayPal,2025-12-05
354,984,2026-05-05,Edinburgh,Processing,Bank Transfer,2026-05-12
355,911,2025-11-06,London,Cancelled,Bank Transfer,2025-11-23
356,234,2025-08-17,Edinburgh,Returned,PayPal,2025-09-03
357,541,2026-03-10,Birmingham,Returned,Card,2026-03-30
358,851,2026-06-21,Edinburgh,Delivered,PayPal,2026-07-11
359,285,2026-06-22,Manchester,Cancelled,PayPal,2026-07-16
360,567,2026-02-21,London,Cancelled,Bank Transfer,2026-03-04
361,972,2025-09-27,Birmingham,Cancelled,PayPal,2025-10-12
362,460,2026-05-16,London,Returned,PayPal,2026-05-26
363,415,2026-06-24,London,Cancelled,Card,2026-07-02
364,63,2026-04-09,Manchester,Delivered,Card,2026-04-28
365,131,2025-11-23,Birmingham,Returned,Card,2025-12-22
366,678,2026-06-08,Edinburgh,Cancelled,PayPal,2026-07-01
367,667,2025-12-09,Manchester,Processing,PayPal,2026-01-06
368,208,2025-09-11,Manchester,Cancelled,PayPal,2025-09-28
369,336,2026-03-16,Birmingham,Delivered,PayPal,2026-04-08
370,581,2026-06-22,Birmingham,Cancelled,Card,2026-07-01
371,21,2025-08-21,London,Returned,Bank Transfer,2025-09-20
372,275,2026-02-27,London,Cancelled,Bank Transfer,2026-03-12
373,756,2025-08-03,Manchester,Cancelled,Card,2025-08-19
374,133,2025-09-24,Manchester,Cancelled,PayPal,2025-10-05
375,907,2026-01-27,Birmingham,Returned,Card,2026-02-01
376,440,2025-12-12,Manchester,Processing,PayPal,2025-12-27
377,118,2026-02-12,London,Cancelled,Bank Transfer,2026-02-27
378,975,2025-08-04,Edinburgh,Delivered,PayPal,2025-08-13
379,405,2025-09-27,London,Delivered,Bank Transfer,2025-10-21
380,644,2025-09-03,London,Returned,Bank Transfer,2025-09-10
381,170,2025-07-06,London,Processing,Bank Transfer,2025-07-15
382,377,2025-08-09,London,Returned,PayPal,2025-08-31
383,441,2025-10-20,London,Cancelled,PayPal,2025-11-13
384,794,2025-11-02,Manchester,Processing,Bank Transfer,2025-11-28
385,873,2025-11-03,Birmingham,Delivered,PayPal,2025-12-01
386,361,2026-03-29,Birmingham,Processing,Bank Transfer,2026-04-01
387,69,2025-12-12,Edinburgh,Delivered,Bank Transfer,2026-01-10
388,600,2025-12-18,Birmingham,Delivered,Bank Transfer,2026-01-16
389,875,2026-02-14,Edinburgh,Cancelled,Card,2026-03-07
390,773,2026-02-05,London,Delivered,Card,2026-02-24
391,852,2025-12-20,Manchester,Returned,PayPal,2026-01-12
392,856,2025-09-15,Edinburgh,Cancelled,Card,2025-10-10
393,90,2026-03-11,Birmingham,Returned,PayPal,2026-03-12
394,829,2026-01-17,London,Delivered,Bank Transfer,2026-02-15
395,882,2026-05-29,Manchester,Returned,Card,2026-05-30
396,780,2026-03-05,London,Cancelled,Bank Transfer,2026-04-04
397,217,2026-05-17,Birmingham,Cancelled,Card,2026-06-06
398,567,2026-05-02,Birmingham,Cancelled,Card,2026-05-05
399,397,2025-08-18,Birmingham,Cancelled,Bank Transfer,2025-08-31
400,100,2026-03-13,London,Returned,Bank Transfer,2026-04-04
401,553,2025-07-15,Manchester,Processing,Card,2025-08-04
402,409,2025-08-17,Manchester,Processing,Card,2025-08-24
403,294,2025-08-02,Edinburgh,Returned,Bank Transfer,2025-08-28
404,724,2026-02-22,Edinburgh,Cancelled,Bank Transfer,2026-03-10
405,975,2025-09-09,Birmingham,Cancelled,PayPal,2025-09-16
406,223,2026-01-08,London,Processing,Bank Transfer,2026-02-01
407,665,2025-09-21,Edinburgh,Delivered,PayPal,2025-10-18
408,277,2025-12-13,Birmingham,Returned,Bank Transfer,2025-12-18
409,848,2026-01-14,London,Cancelled,PayPal,2026-01-28
410,440,2025-09-17,Manchester,Delivered,Bank Transfer,2025-10-02
411,40,2025-11-09,Manchester,Delivered,PayPal,2025-11-25
412,889,2026-02-20,Manchester,Processing,Bank Transfer,2026-03-17
413,66,2025-11-15,Edinburgh,Returned,Bank Transfer,2025-12-05
414,326,2026-03-30,Manchester,Cancelled,PayPal,2026-04-06
415,81,2026-01-09,Manchester,Delivered,PayPal,2026-02-06
416,339,2026-02-15,London,Cancelled,PayPal,2026-02-18
417,887,2025-12-31,Manchester,Processing,Card,2026-01-23
418,240,2026-01-13,Manchester,Cancelled,PayPal,2026-01-20
419,954,2026-04-10,London,Delivered,Card,2026-05-09
420,800,2025-09-02,Manchester,Processing,PayPal,2025-09-09
421,127,2025-10-26,Manchester,Delivered,Bank Transfer,2025-11-01
422,139,2025-12-20,Manchester,Processing,Bank Transfer,2026-01-14
423,500,2026-03-02,Birmingham,Returned,PayPal,2026-03-09
424,463,2025-08-25,Manchester,Processing,PayPal,2025-09-18
425,155,2025-07-25,Birmingham,Cancelled,PayPal,2025-08-15
426,643,2026-01-13,Birmingham,Cancelled,Bank Transfer,2026-02-07
427,260,2025-08-26,Manchester,Cancelled,Bank Transfer,2025-08-30
428,679,2025-12-03,Edinburgh,Delivered,Card,2025-12-08
429,25,2026-02-22,London,Processing,PayPal,2026-03-16
430,351,2026-03-02,Manchester,Returned,PayPal,2026-03-24
431,921,2025-11-22,Edinburgh,Returned,Card,2025-12-22
432,203,2026-01-06,Birmingham,Delivered,Card,2026-01-26
433,188,2025-10-21,Manchester,Delivered,Card,2025-11-12
434,280,2026-02-11,Birmingham,Processing,Card,2026-02-12
435,77,2026-04-21,Birmingham,Delivered,Bank Transfer,2026-05-10
436,857,2026-05-16,Manchester,Returned,Bank Transfer,2026-05-21
437,643,2025-10-19,London,Delivered,PayPal,2025-10-28
438,447,2025-09-16,Birmingham,Processing,Bank Transfer,2025-10-02
439,705,2026-06-22,Birmingham,Processing,Bank Transfer,2026-07-03
440,212,2026-03-17,Edinburgh,Processing,Card,2026-04-07
441,611,2025-11-03,London,Returned,Card,2025-11-20
442,285,2026-05-02,Birmingham,Delivered,Bank Transfer,2026-05-12
443,625,2026-03-09,London,Processing,PayPal,2026-03-27
444,121,2025-09-11,Edinburgh,Cancelled,Card,2025-09-24
445,1,2026-06-02,Birmingham,Delivered,PayPal,2026-06-13
446,981,2026-06-13,Manchester,Cancelled,Card,2026-07-03
447,648,2025-09-03,Edinburgh,Delivered,Card,2025-09-29
448,363,2025-07-21,Birmingham,Cancelled,PayPal,2025-08-05
449,992,2025-08-24,Edinburgh,Cancelled,Bank Transfer,2025-09-04
450,993,2025-08-28,Manchester,Cancelled,Bank Transfer,2025-09-02
451,91,2026-03-27,Birmingham,Returned,Bank Transfer,2026-04-18
452,264,2026-04-19,London,Cancelled,PayPal,2026-04-29
453,889,2025-08-02,London,Returned,Bank Transfer,2025-08-04
454,77,2025-09-14,Edinburgh,Cancelled,Bank Transfer,2025-09-15
455,107,2026-04-28,Edinburgh,Processing,PayPal,2026-05-27
456,894,2026-01-19,Edinburgh,Processing,PayPal,2026-01-24
457,569,2025-07-20,Birmingham,Cancelled,Bank Transfer,2025-07-25
458,616,2026-01-31,London,Delivered,PayPal,2026-02-23
459,570,2026-02-25,Edinburgh,Processing,Bank Transfer,2026-03-16
460,522,2025-10-27,London,Processing,Bank Transfer,2025-11-18
461,487,2026-03-07,Birmingham,Returned,Card,2026-03-17
462,127,2025-12-26,Edinburgh,Cancelled,Card,2026-01-22
463,300,2025-09-12,Birmingham,Processing,Bank Transfer,2025-09-16
464,986,2026-04-18,Birmingham,Returned,Bank Transfer,2026-05-10
465,827,2025-08-23,Manchester,Processing,Card,2025-09-10
466,685,2025-10-26,Birmingham,Returned,Card,2025-11-04
467,88,2026-05-05,Manchester,Returned,Card,2026-06-04
468,317,2025-12-12,London,Processing,Bank Transfer,2025-12-15
469,766,2026-04-23,Manchester,Processing,Card,2026-05-03
470,604,2026-03-16,London,Cancelled,Bank Transfer,2026-03-25
471,400,2025-10-23,Manchester,Delivered,PayPal,2025-11-06
472,38,2026-06-10,London,Processing,Card,2026-06-24
473,74,2026-01-19,Manchester,Delivered,Card,2026-02-05
474,273,2026-04-11,Edinburgh,Processing,Bank Transfer,2026-04-14
475,712,2026-02-09,Birmingham,Returned,Bank Transfer,2026-02-18
476,607,2026-02-03,Edinburgh,Cancelled,Card,2026-02-19
477,9,2025-11-17,Birmingham,Returned,Bank Transfer,2025-11-20
478,521,2025-11-19,Edinburgh,Processing,Bank Transfer,2025-12-17
479,383,2025-10-30,Edinburgh,Cancelled,PayPal,2025-11-10
480,89,2025-07-20,Birmingham,Delivered,PayPal,2025-07-30
481,781,2026-06-13,London,Processing,Bank Transfer,2026-06-19
482,379,2026-06-27,London,Cancelled,Card,2026-06-30
483,696,2025-07-22,Manchester,Cancelled,Card,2025-07-23
484,420,2025-09-03,Edinburgh,Returned,Card,2025-09-30
485,210,2025-11-29,Birmingham,Delivered,Bank Transfer,2025-12-10
486,359,2026-05-31,Birmingham,Returned,Bank Transfer,2026-06-28
487,602,2025-10-01,Manchester,Cancelled,PayPal,2025-10-06
488,951,2026-06-05,Manchester,Cancelled,Bank Transfer,2026-06-26
489,775,2025-08-04,London,Delivered,PayPal,2025-08-28
490,632,2026-01-04,Birmingham,Cancelled,Bank Transfer,2026-01-15
491,263,2026-03-03,Manchester,Returned,Card,2026-03-12
492,442,2026-06-24,Edinburgh,Cancelled,Bank Transfer,2026-06-26
493,422,2025-09-08,Manchester,Delivered,Card,2025-09-25
494,654,2026-04-24,Birmingham,Cancelled,Bank Transfer,2026-05-06
495,334,2025-10-17,Birmingham,Cancelled,Card,2025-11-15
496,649,2026-01-01,Birmingham,Returned,Bank Transfer,2026-01-07
497,911,2025-09-15,Birmingham,Cancelled,Card,2025-09-24
498,464,2026-04-02,Birmingham,Returned,Card,2026-04-06
499,857,2026-01-18,London,Processing,PayPal,2026-01-26
500,521,2026-03-20,Edinburgh,Cancelled,PayPal,2026-04-06
501,491,2026-02-05,Birmingham,Cancelled,Card,2026-02-28
502,706,2025-08-08,Manchester,Returned,Card,2025-08-28
503,991,2025-10-28,London,Cancelled,PayPal,2025-11-09
504,770,2026-05-02,Birmingham,Delivered,Card,2026-05-04
505,240,2026-04-16,Birmingham,Cancelled,Bank Transfer,2026-05-07
506,126,2026-05-12,Manchester,Delivered,Bank Transfer,2026-05-13
507,84,2025-10-15,Manchester,Cancelled,PayPal,2025-11-08
508,65,2025-08-09,Manchester,Delivered,Bank Transfer,2025-09-02
509,898,2025-11-07,London,Returned,PayPal,2025-11-24
510,987,2025-07-07,London,Returned,PayPal,2025-07-13
511,623,2025-10-23,Manchester,Cancelled,Card,2025-11-16
512,734,2025-08-12,Birmingham,Processing,PayPal,2025-08-17
513,325,2026-03-23,London,Processing,Card,2026-03-27
514,52,2025-12-06,Birmingham,Processing,PayPal,2025-12-09
515,86,2026-02-05,London,Returned,Bank Transfer,2026-02-07
516,486,2026-04-27,London,Processing,Card,2026-05-13
517,190,2025-10-18,London,Returned,PayPal,2025-11-11
518,74,2025-10-31,Birmingham,Returned,Bank Transfer,2025-11-14
519,261,2026-02-19,Edinburgh,Delivered,Card,2026-03-01
520,494,2025-07-24,Edinburgh,Delivered,Bank Transfer,2025-08-06
521,746,2025-08-05,Edinburgh,Cancelled,Bank Transfer,2025-08-23
522,46,2026-04-30,Edinburgh,Cancelled,PayPal,2026-05-29
523,667,2026-06-04,Manchester,Processing,Bank Transfer,2026-06-22
524,456,2025-09-10,Edinburgh,Delivered,PayPal,2025-10-04
525,599,2026-06-28,Birmingham,Returned,Card,2026-07-06
526,708,2026-05-13,London,Cancelled,Card,2026-05-26
527,548,2026-04-15,Birmingham,Returned,Card,2026-04-18
528,907,2025-10-25,Birmingham,Delivered,Bank Transfer,2025-10-31
529,928,2026-04-27,Birmingham,Delivered,Bank Transfer,2026-05-07
530,40,2025-09-25,Edinburgh,Delivered,PayPal,2025-10-01
531,397,2026-04-07,Edinburgh,Cancelled,Card,2026-04-23
532,574,2025-11-03,Birmingham,Returned,Bank Transfer,2025-11-30
533,99,2026-02-09,London,Delivered,Card,2026-02-10
534,177,2025-07-23,Edinburgh,Processing,Card,2025-08-18
535,302,2026-04-12,Edinburgh,Cancelled,Card,2026-04-25
536,370,2026-02-15,London,Cancelled,PayPal,2026-02-21
537,485,2026-05-12,London,Delivered,Bank Transfer,2026-06-02
538,20,2025-08-27,London,Returned,Card,2025-09-25
539,705,2025-07-03,Birmingham,Delivered,Card,2025-07-28
540,69,2026-02-07,London,Processing,Card,2026-02-16
541,331,2026-06-26,Edinburgh,Returned,Card,2026-07-24
542,137,2025-07-23,Manchester,Delivered,Bank Transfer,2025-08-14
543,939,2026-06-27,Birmingham,Processing,Bank Transfer,2026-07-15
544,930,2025-07-09,London,Returned,Card,2025-08-01
545,962,2025-11-28,Edinburgh,Cancelled,PayPal,2025-12-25
546,446,2025-12-24,Birmingham,Delivered,Bank Transfer,2026-01-17
547,838,2026-05-10,Birmingham,Cancelled,PayPal,2026-05-18
548,614,2026-01-04,London,Delivered,Card,2026-01-14
549,387,2025-09-05,Birmingham,Processing,Card,2025-09-22
550,526,2026-02-04,Edinburgh,Delivered,Card,2026-02-17
551,807,2025-11-16,Manchester,Processing,Card,2025-11-20
552,776,2025-12-05,Manchester,Processing,Card,2025-12-08
553,192,2026-01-29,Manchester,Delivered,PayPal,2026-02-19
554,864,2026-03-29,Birmingham,Cancelled,Card,2026-04-09
555,863,2025-07-01,London,Cancelled,Bank Transfer,2025-07-10
556,452,2025-07-30,Edinburgh,Cancelled,Bank Transfer,2025-08-29
557,389,2025-09-21,London,Cancelled,Bank Transfer,2025-10-14
558,457,2026-02-14,Birmingham,Delivered,Bank Transfer,2026-03-02
559,289,2025-11-12,London,Delivered,Bank Transfer,2025-11-19
560,512,2026-01-16,London,Delivered,Card,2026-01-22
561,944,2026-05-10,London,Processing,PayPal,2026-06-09
562,611,2025-09-11,Birmingham,Returned,PayPal,2025-09-18
563,379,2026-06-25,London,Returned,Card,2026-07-23
564,372,2026-03-31,Birmingham,Returned,Card,2026-04-29
565,586,2025-12-21,Manchester,Cancelled,PayPal,2025-12-29
566,9,2025-09-19,Birmingham,Delivered,Bank Transfer,2025-10-19
567,922,2026-03-06,London,Delivered,Bank Transfer,2026-03-25
568,413,2025-07-12,Manchester,Cancelled,Bank Transfer,2025-07-16
569,292,2025-07-14,Edinburgh,Delivered,PayPal,2025-07-16
570,723,2025-10-09,Edinburgh,Cancelled,Card,2025-11-03
571,574,2025-10-19,London,Delivered,PayPal,2025-10-27
572,322,2025-10-23,London,Cancelled,Card,2025-10-30
573,672,2026-01-30,London,Returned,Card,2026-02-20
574,718,2026-03-24,London,Cancelled,Card,2026-04-08
575,573,2025-10-08,Edinburgh,Returned,Bank Transfer,2025-11-01
576,115,2026-04-07,Birmingham,Processing,Bank Transfer,2026-04-09
577,764,2026-06-03,Birmingham,Delivered,Bank Transfer,2026-06-08
578,323,2026-01-14,Manchester,Cancelled,Card,2026-01-15
579,118,2026-06-16,Birmingham,Cancelled,PayPal,2026-07-14
580,61,2026-05-07,Edinburgh,Returned,Card,2026-05-14
581,483,2025-11-18,London,Delivered,PayPal,2025-11-28
582,489,2026-04-24,Edinburgh,Cancelled,PayPal,2026-05-23
583,809,2025-12-29,Edinburgh,Returned,Bank Transfer,2026-01-03
584,743,2025-10-09,London,Processing,Card,2025-10-25
585,460,2025-10-04,London,Delivered,Card,2025-10-21
586,243,2026-06-02,London,Processing,Bank Transfer,2026-06-13
587,805,2025-10-29,Manchester,Returned,Bank Transfer,2025-11-25
588,819,2025-12-23,Manchester,Processing,PayPal,2025-12-26
589,373,2025-07-07,Edinburgh,Returned,Bank Transfer,2025-07-25
590,942,2025-11-17,Edinburgh,Delivered,PayPal,2025-12-02
591,306,2025-10-30,Edinburgh,Cancelled,Card,2025-11-02
592,360,2025-09-17,Manchester,Delivered,Card,2025-10-06
593,224,2026-06-18,Birmingham,Delivered,Bank Transfer,2026-06-20
594,207,2026-01-23,Edinburgh,Returned,PayPal,2026-01-25
595,767,2026-06-04,London,Processing,PayPal,2026-06-10
596,246,2026-04-30,Manchester,Cancelled,Bank Transfer,2026-05-17
597,199,2026-05-03,Birmingham,Returned,Bank Transfer,2026-05-19
598,872,2025-12-22,Manchester,Returned,Card,2025-12-26
599,314,2026-06-14,Manchester,Processing,Bank Transfer,2026-07-13
600,389,2025-08-08,Edinburgh,Delivered,PayPal,2025-08-27
601,336,2026-01-25,London,Processing,Bank Transfer,2026-02-11
602,591,2026-06-25,Manchester,Processing,Card,2026-07-07
603,555,2026-05-05,Manchester,Cancelled,Card,2026-05-25
604,147,2026-05-19,Edinburgh,Returned,Bank Transfer,2026-06-14
605,356,2026-05-05,Birmingham,Returned,Card,2026-05-30
606,158,2026-05-18,Edinburgh,Processing,Bank Transfer,2026-06-04
607,508,2026-05-13,Birmingham,Returned,Bank Transfer,2026-05-26
608,180,2026-01-05,Birmingham,Processing,Bank Transfer,2026-01-22
609,733,2025-08-05,Birmingham,Processing,PayPal,2025-08-26
610,352,2025-08-28,Manchester,Delivered,Card,2025-09-22
611,77,2026-02-17,Manchester,Cancelled,Bank Transfer,2026-03-14
612,70,2026-05-17,Birmingham,Cancelled,PayPal,2026-06-15
613,870,2026-04-30,London,Processing,Card,2026-05-19
614,113,2026-05-22,London,Returned,PayPal,2026-06-03
615,265,2025-09-17,Manchester,Cancelled,Card,2025-10-03
616,125,2025-10-09,Manchester,Returned,Bank Transfer,2025-10-16
617,678,2025-12-07,Manchester,Delivered,Card,2025-12-20
618,229,2025-08-22,London,Processing,Bank Transfer,2025-09-05
619,562,2026-02-16,Edinburgh,Processing,PayPal,2026-03-04
620,115,2026-03-12,London,Processing,Card,2026-03-22
621,15,2025-12-21,Edinburgh,Returned,Card,2026-01-05
622,368,2025-12-31,Edinburgh,Delivered,PayPal,2026-01-27
623,842,2025-12-14,London,Cancelled,PayPal,2026-01-09
624,846,2025-09-05,London,Processing,Card,2025-09-16
625,207,2026-03-29,Edinburgh,Processing,PayPal,2026-04-08
626,770,2025-12-15,London,Returned,Bank Transfer,2025-12-26
627,541,2025-08-31,Edinburgh,Cancelled,Card,2025-09-04
628,452,2025-12-05,Birmingham,Processing,PayPal,2025-12-09
629,101,2025-11-12,London,Cancelled,PayPal,2025-11-26
630,585,2026-05-26,Manchester,Returned,Card,2026-06-06
631,203,2026-05-06,London,Processing,PayPal,2026-05-23
632,12,2025-07-29,Birmingham,Delivered,Card,2025-08-26
633,793,2026-05-30,Edinburgh,Processing,Card,2026-06-08
634,602,2025-10-01,Manchester,Processing,Bank Transfer,2025-10-02
635,471,2026-05-11,London,Cancelled,PayPal,2026-06-01
636,165,2025-09-08,London,Cancelled,Bank Transfer,2025-09-29
637,297,2026-01-06,Birmingham,Returned,PayPal,2026-01-28
638,193,2026-01-28,Birmingham,Delivered,Card,2026-02-18
639,246,2025-10-18,Manchester,Processing,Bank Transfer,2025-11-02
640,208,2026-04-30,Manchester,Returned,PayPal,2026-05-28
641,788,2025-08-23,Edinburgh,Delivered,Bank Transfer,2025-09-15
642,926,2026-04-26,Birmingham,Delivered,Bank Transfer,2026-05-13
643,907,2025-08-06,Manchester,Delivered,Bank Transfer,2025-08-11
644,606,2026-04-03,Manchester,Processing,Bank Transfer,2026-04-23
645,66,2025-12-13,Edinburgh,Delivered,Card,2026-01-10
646,701,2026-02-09,London,Processing,Card,2026-03-04
647,885,2026-04-08,Manchester,Cancelled,PayPal,2026-04-15
648,3,2025-09-18,Edinburgh,Returned,Card,2025-10-02
649,135,2026-05-27,London,Delivered,Bank Transfer,2026-06-01
650,501,2025-08-13,Birmingham,Returned,Bank Transfer,2025-08-16
651,697,2026-06-28,Manchester,Cancelled,PayPal,2026-06-30
652,803,2025-09-18,London,Returned,Card,2025-10-04
653,869,2026-04-28,London,Cancelled,Card,2026-05-03
654,258,2025-11-05,London,Delivered,PayPal,2025-11-06
655,464,2025-09-04,Manchester,Cancelled,PayPal,2025-09-25
656,972,2026-06-06,Birmingham,Cancelled,Card,2026-06-26
657,43,2025-12-12,London,Returned,PayPal,2025-12-13
658,252,2026-04-14,Edinburgh,Returned,Bank Transfer,2026-05-07
659,510,2025-08-16,Manchester,Returned,Card,2025-09-04
660,326,2026-03-25,Edinburgh,Cancelled,PayPal,2026-04-14
661,873,2025-10-18,Birmingham,Returned,Bank Transfer,2025-10-29
662,371,2025-11-27,Birmingham,Processing,PayPal,2025-12-09
663,934,2026-01-01,Birmingham,Returned,PayPal,2026-01-18
664,88,2026-05-09,London,Delivered,Bank Transfer,2026-06-03
665,934,2025-09-16,Manchester,Returned,Bank Transfer,2025-09-18
666,525,2026-05-25,Birmingham,Cancelled,Card,2026-06-22
667,816,2025-11-07,Edinburgh,Processing,Card,2025-12-06
668,954,2026-04-20,Manchester,Processing,Bank Transfer,2026-05-20
669,946,2026-06-06,Edinburgh,Processing,Bank Transfer,2026-06-18
670,263,2025-10-06,London,Delivered,PayPal,2025-10-15
671,309,2026-03-21,Birmingham,Returned,Bank Transfer,2026-03-24
672,696,2026-03-28,London,Processing,Card,2026-04-20
673,930,2026-05-14,London,Delivered,Card,2026-05-17
674,45,2026-01-18,Edinburgh,Returned,Card,2026-02-17
675,688,2026-04-05,Edinburgh,Cancelled,Bank Transfer,2026-04-08
676,212,2026-05-08,Manchester,Returned,Card,2026-06-01
677,219,2026-03-21,London,Returned,Card,2026-04-11
678,631,2025-09-07,Edinburgh,Returned,Bank Transfer,2025-09-27
679,803,2025-10-14,London,Returned,Card,2025-10-21
680,966,2025-07-14,Birmingham,Delivered,Card,2025-08-02
681,436,2025-12-03,Manchester,Returned,Bank Transfer,2026-01-02
682,819,2025-10-06,London,Delivered,Bank Transfer,2025-10-20
683,803,2026-04-22,London,Returned,Card,2026-04-23
684,749,2025-09-25,Birmingham,Returned,Card,2025-09-26
685,428,2025-09-18,Manchester,Returned,Card,2025-10-10
686,300,2025-10-03,Birmingham,Cancelled,Card,2025-11-02
687,101,2025-11-05,Manchester,Processing,PayPal,2025-11-30
688,93,2025-08-21,Birmingham,Returned,Bank Transfer,2025-09-11
689,377,2026-03-29,Edinburgh,Processing,PayPal,2026-04-24
690,82,2026-01-08,Birmingham,Cancelled,Card,2026-01-14
691,130,2026-03-05,London,Returned,PayPal,2026-04-01
692,526,2026-01-05,Manchester,Returned,Card,2026-01-23
693,197,2025-07-04,London,Returned,Bank Transfer,2025-07-25
694,592,2026-06-09,Birmingham,Delivered,Card,2026-06-23
695,764,2025-07-23,Edinburgh,Cancelled,PayPal,2025-07-31
696,293,2025-10-01,Manchester,Returned,Bank Transfer,2025-10-29
697,391,2026-03-21,Birmingham,Cancelled,Card,2026-03-27
698,686,2026-04-30,Edinburgh,Cancelled,Card,2026-05-21
699,898,2026-05-05,Birmingham,Processing,Bank Transfer,2026-05-29
700,297,2026-06-03,London,Processing,PayPal,2026-07-03
701,195,2026-03-14,Edinburgh,Processing,Card,2026-03-15
702,819,2025-11-16,Birmingham,Cancelled,Card,2025-11-27
703,132,2025-08-25,Manchester,Cancelled,PayPal,2025-09-12
704,426,2025-07-01,Birmingham,Cancelled,PayPal,2025-07-29
705,790,2026-05-10,Manchester,Delivered,PayPal,2026-06-09
706,989,2026-01-07,Birmingham,Returned,Card,2026-01-22
707,761,2025-12-25,London,Delivered,Bank Transfer,2026-01-05
708,43,2025-11-28,Edinburgh,Cancelled,Bank Transfer,2025-12-17
709,224,2026-02-13,Birmingham,Processing,Card,2026-03-04
710,94,2025-09-27,Edinburgh,Processing,PayPal,2025-10-17
711,168,2026-04-03,Manchester,Returned,Card,2026-04-13
712,618,2025-08-02,Manchester,Processing,Bank Transfer,2025-08-14
713,916,2026-02-01,Edinburgh,Returned,Bank Transfer,2026-02-17
714,311,2026-04-11,Birmingham,Returned,PayPal,2026-05-05
715,246,2026-03-26,London,Delivered,Card,2026-04-24
716,874,2026-02-12,Edinburgh,Cancelled,PayPal,2026-02-19
717,697,2025-08-16,Birmingham,Returned,Bank Transfer,2025-08-23
718,814,2026-05-20,Manchester,Cancelled,Bank Transfer,2026-06-15
719,792,2025-08-28,Edinburgh,Delivered,PayPal,2025-09-15
720,249,2025-07-31,Edinburgh,Returned,Bank Transfer,2025-08-15
721,965,2026-05-14,Birmingham,Delivered,PayPal,2026-06-04
722,743,2025-12-26,Birmingham,Delivered,PayPal,2026-01-17
723,813,2026-03-09,Edinburgh,Returned,PayPal,2026-03-11
724,688,2025-12-09,Birmingham,Delivered,PayPal,2025-12-19
725,583,2026-05-02,Manchester,Processing,PayPal,2026-05-15
726,932,2025-07-15,London,Returned,Card,2025-07-19
727,114,2026-05-22,Edinburgh,Cancelled,Bank Transfer,2026-05-23
728,460,2025-07-24,London,Processing,Bank Transfer,2025-08-04
729,834,2025-07-26,Manchester,Returned,PayPal,2025-08-01
730,490,2025-07-13,Birmingham,Returned,PayPal,2025-08-07
731,514,2025-07-07,Birmingham,Processing,PayPal,2025-07-14
732,674,2025-12-05,Manchester,Processing,Bank Transfer,2025-12-14
733,823,2026-06-21,Edinburgh,Delivered,PayPal,2026-06-24
734,87,2025-12-11,Manchester,Cancelled,Card,2025-12-28
735,966,2026-04-10,Birmingham,Delivered,PayPal,2026-04-21
736,971,2026-01-12,Birmingham,Delivered,PayPal,2026-01-29
737,664,2025-07-09,Birmingham,Cancelled,Card,2025-08-08
738,665,2025-11-22,London,Returned,Bank Transfer,2025-12-14
739,657,2025-07-01,London,Returned,PayPal,2025-07-21
740,978,2026-02-16,Manchester,Cancelled,Bank Transfer,2026-03-07
741,157,2026-04-23,Manchester,Returned,PayPal,2026-05-18
742,225,2026-01-16,Edinburgh,Processing,Card,2026-02-06
743,356,2026-05-03,Edinburgh,Cancelled,PayPal,2026-05-27
744,472,2026-05-23,Birmingham,Cancelled,Card,2026-06-02
745,444,2025-08-12,Edinburgh,Processing,Bank Transfer,2025-08-26
746,543,2026-02-11,Edinburgh,Processing,Bank Transfer,2026-03-12
747,244,2025-07-05,Edinburgh,Processing,Bank Transfer,2025-07-13
748,613,2026-02-12,London,Processing,Bank Transfer,2026-02-13
749,222,2026-06-28,Edinburgh,Delivered,PayPal,2026-07-23
750,415,2026-02-26,London,Returned,Card,2026-03-01
751,725,2025-07-28,London,Delivered,Bank Transfer,2025-08-16
752,798,2026-03-22,Edinburgh,Returned,Card,2026-04-06
753,404,2025-07-16,London,Processing,PayPal,2025-07-18
754,726,2026-04-25,Edinburgh,Delivered,Card,2026-05-25
755,387,2025-07-05,Birmingham,Cancelled,PayPal,2025-08-02
756,587,2025-10-30,Edinburgh,Returned,PayPal,2025-11-07
757,861,2025-09-04,Manchester,Processing,Card,2025-09-28
758,545,2026-03-27,Edinburgh,Delivered,Card,2026-04-15
759,636,2026-02-01,London,Delivered,Bank Transfer,2026-02-23
760,572,2025-08-31,London,Cancelled,PayPal,2025-09-25
761,464,2025-07-30,Birmingham,Cancelled,PayPal,2025-08-19
762,722,2025-11-17,Manchester,Delivered,Card,2025-12-10
763,529,2026-06-24,Edinburgh,Cancelled,Bank Transfer,2026-07-15
764,629,2025-12-09,Manchester,Returned,PayPal,2026-01-08
765,653,2025-09-21,Edinburgh,Returned,Bank Transfer,2025-10-15
766,869,2025-11-27,London,Returned,Card,2025-12-24
767,130,2026-02-21,Birmingham,Returned,Card,2026-02-25
768,391,2026-04-09,Edinburgh,Delivered,PayPal,2026-04-17
769,909,2025-12-24,London,Delivered,Card,2026-01-08
770,276,2026-01-08,Birmingham,Processing,PayPal,2026-02-02
771,320,2025-12-23,Manchester,Processing,PayPal,2026-01-17
772,840,2025-08-04,London,Processing,Card,2025-08-25
773,868,2026-03-16,Birmingham,Returned,Card,2026-03-30
774,979,2025-12-09,Manchester,Returned,PayPal,2026-01-02
775,524,2025-09-25,Manchester,Cancelled,PayPal,2025-10-17
776,570,2026-01-30,London,Processing,PayPal,2026-01-31
777,70,2026-06-24,London,Cancelled,Card,2026-06-25
778,924,2026-01-31,Edinburgh,Delivered,PayPal,2026-02-08
779,622,2025-08-23,Birmingham,Cancelled,Bank Transfer,2025-09-02
780,283,2026-02-01,Birmingham,Returned,Bank Transfer,2026-02-03
781,493,2026-02-23,Birmingham,Delivered,Bank Transfer,2026-03-19
782,684,2026-01-06,Manchester,Processing,Bank Transfer,2026-01-14
783,936,2026-01-10,London,Cancelled,Card,2026-01-30
784,676,2025-11-03,Manchester,Processing,Bank Transfer,2025-11-04
785,740,2026-01-12,Birmingham,Cancelled,PayPal,2026-01-25
786,654,2025-10-26,London,Returned,PayPal,2025-11-24
787,939,2026-02-12,Manchester,Delivered,PayPal,2026-03-07
788,478,2026-03-30,Birmingham,Delivered,Card,2026-04-10
789,217,2025-11-07,Manchester,Delivered,PayPal,2025-11-12
790,934,2025-07-05,Manchester,Processing,Bank Transfer,2025-07-16
791,433,2025-07-15,Manchester,Returned,Card,2025-07-31
792,21,2025-07-18,Edinburgh,Delivered,Bank Transfer,2025-08-03
793,249,2025-08-18,Manchester,Returned,Bank Transfer,2025-08-29
794,895,2026-04-07,London,Cancelled,Card,2026-05-05
795,601,2026-01-04,London,Processing,Bank Transfer,2026-01-27
796,460,2025-09-09,Edinburgh,Processing,Card,2025-09-12
797,814,2025-10-08,London,Cancelled,PayPal,2025-10-28
798,530,2026-06-25,Manchester,Processing,Card,2026-07-01
799,620,2025-07-10,Birmingham,Delivered,Bank Transfer,2025-07-29
800,937,2026-06-05,Manchester,Delivered,Card,2026-07-01
801,931,2025-08-18,Manchester,Cancelled,Card,2025-09-01
802,274,2026-04-09,London,Processing,PayPal,2026-04-29
803,696,2026-02-15,London,Cancelled,Card,2026-03-12
804,772,2026-02-13,London,Cancelled,Card,2026-02-17
805,267,2025-07-07,Manchester,Delivered,Card,2025-07-17
806,78,2025-09-10,Birmingham,Returned,Bank Transfer,2025-09-20
807,32,2026-03-19,Birmingham,Returned,Bank Transfer,2026-03-21
808,735,2025-07-16,London,Processing,PayPal,2025-07-30
809,962,2025-12-04,Edinburgh,Cancelled,Bank Transfer,2025-12-07
810,896,2026-01-13,Edinburgh,Delivered,PayPal,2026-01-22
811,520,2026-04-20,Manchester,Returned,PayPal,2026-05-11
812,255,2026-01-25,Manchester,Delivered,PayPal,2026-02-21
813,607,2025-07-03,Birmingham,Returned,PayPal,2025-07-07
814,887,2026-01-17,Edinburgh,Cancelled,Bank Transfer,2026-02-08
815,614,2026-01-06,London,Processing,PayPal,2026-01-23
816,104,2026-03-30,Manchester,Delivered,PayPal,2026-04-24
817,211,2026-06-12,Edinburgh,Cancelled,PayPal,2026-07-01
818,81,2025-07-03,Manchester,Cancelled,Bank Transfer,2025-07-30
819,598,2026-02-22,Birmingham,Cancelled,Bank Transfer,2026-03-21
820,675,2026-06-26,Manchester,Cancelled,PayPal,2026-07-26
821,63,2025-09-08,Manchester,Cancelled,Bank Transfer,2025-09-28
822,382,2025-12-02,Birmingham,Returned,Card,2025-12-12
823,165,2025-10-18,London,Processing,PayPal,2025-10-28
824,27,2025-07-15,London,Returned,Card,2025-07-17
825,172,2025-07-18,Birmingham,Processing,Card,2025-07-20
826,306,2026-04-10,London,Returned,Bank Transfer,2026-04-21
827,381,2025-11-19,London,Processing,Bank Transfer,2025-12-18
828,497,2025-12-22,Edinburgh,Returned,Card,2025-12-23
829,98,2025-12-07,Edinburgh,Returned,Bank Transfer,2025-12-11
830,604,2025-09-25,Birmingham,Delivered,Card,2025-10-21
831,258,2026-02-12,London,Processing,PayPal,2026-02-22
832,927,2025-09-03,London,Delivered,Bank Transfer,2025-09-29
833,656,2026-03-29,Birmingham,Returned,PayPal,2026-04-01
834,381,2026-04-03,London,Cancelled,PayPal,2026-04-14
835,196,2026-03-20,London,Cancelled,Bank Transfer,2026-03-22
836,288,2025-11-22,Edinburgh,Processing,Bank Transfer,2025-12-10
837,912,2025-12-11,London,Cancelled,Card,2025-12-31
838,738,2025-08-30,Manchester,Delivered,Card,2025-09-04
839,487,2025-07-14,Edinburgh,Returned,PayPal,2025-08-04
840,797,2025-11-13,Edinburgh,Cancelled,Bank Transfer,2025-11-18
841,312,2025-08-24,Edinburgh,Returned,PayPal,2025-08-27
842,487,2026-01-08,Birmingham,Returned,Bank Transfer,2026-01-26
843,273,2025-12-16,Birmingham,Cancelled,PayPal,2026-01-04
844,815,2025-07-04,Birmingham,Returned,Card,2025-07-26
845,762,2026-04-24,Birmingham,Processing,Card,2026-05-09
846,11,2026-01-03,London,Returned,Bank Transfer,2026-01-05
847,599,2025-12-27,Birmingham,Delivered,PayPal,2026-01-18
848,882,2026-02-02,Birmingham,Cancelled,Bank Transfer,2026-03-04
849,721,2026-06-15,London,Delivered,Bank Transfer,2026-07-14
850,964,2026-01-10,Birmingham,Cancelled,PayPal,2026-01-14
851,162,2026-02-01,Birmingham,Delivered,Card,2026-02-07
852,101,2025-10-12,London,Delivered,Card,2025-10-17
853,314,2025-07-28,Edinburgh,Returned,Card,2025-08-15
854,62,2025-11-15,Birmingham,Cancelled,Card,2025-12-09
855,893,2026-01-15,Birmingham,Processing,PayPal,2026-02-14
856,915,2025-09-22,Edinburgh,Delivered,PayPal,2025-10-18
857,335,2026-05-23,Manchester,Delivered,Bank Transfer,2026-06-17
858,730,2025-11-10,Birmingham,Delivered,PayPal,2025-11-27
859,635,2026-06-24,Birmingham,Cancelled,Bank Transfer,2026-07-01
860,983,2025-11-14,Manchester,Cancelled,Card,2025-11-19
861,920,2025-08-13,Birmingham,Cancelled,Card,2025-08-19
862,469,2025-07-12,Birmingham,Delivered,Bank Transfer,2025-08-03
863,940,2025-08-28,Edinburgh,Delivered,PayPal,2025-09-04
864,554,2026-06-03,Birmingham,Delivered,Card,2026-06-12
865,458,2026-05-18,Edinburgh,Returned,Bank Transfer,2026-06-16
866,444,2026-04-12,Edinburgh,Cancelled,PayPal,2026-04-14
867,124,2025-12-02,London,Delivered,PayPal,2025-12-13
868,432,2026-04-04,Edinburgh,Delivered,Bank Transfer,2026-04-30
869,53,2026-02-16,Birmingham,Returned,PayPal,2026-03-07
870,200,2025-08-26,Manchester,Delivered,PayPal,2025-09-20
871,220,2025-11-24,Birmingham,Returned,Bank Transfer,2025-12-20
872,325,2025-07-26,London,Processing,Card,2025-08-07
873,729,2026-01-16,London,Delivered,Card,2026-02-08
874,780,2026-03-17,Manchester,Delivered,Card,2026-04-09
875,96,2025-12-24,Edinburgh,Returned,Bank Transfer,2026-01-12
876,29,2025-11-17,Manchester,Cancelled,Bank Transfer,2025-12-15
877,600,2025-09-07,Birmingham,Returned,Card,2025-10-01
878,955,2026-05-17,Edinburgh,Processing,Card,2026-05-29
879,643,2025-12-09,Birmingham,Returned,PayPal,2025-12-12
880,51,2026-06-28,Edinburgh,Processing,Bank Transfer,2026-07-15
881,401,2025-10-03,London,Returned,Card,2025-10-09
882,57,2026-01-27,Edinburgh,Delivered,Card,2026-02-04
883,720,2026-02-04,Birmingham,Delivered,Card,2026-02-24
884,463,2025-10-23,London,Returned,Card,2025-11-13
885,659,2025-09-24,Manchester,Cancelled,PayPal,2025-10-22
886,231,2025-09-06,Edinburgh,Delivered,Card,2025-09-14
887,228,2026-06-10,Edinburgh,Processing,Bank Transfer,2026-07-03
888,636,2026-04-07,London,Processing,PayPal,2026-04-24
889,243,2025-09-08,Birmingham,Returned,PayPal,2025-09-15
890,689,2025-10-07,Manchester,Returned,Bank Transfer,2025-10-09
891,2,2026-06-30,Birmingham,Returned,Bank Transfer,2026-07-18
892,72,2026-06-17,Edinburgh,Processing,Card,2026-07-01
893,2,2026-01-28,London,Cancelled,Card,2026-02-12
894,472,2026-03-12,London,Cancelled,Bank Transfer,2026-03-31
895,345,2026-06-13,Birmingham,Returned,Card,2026-07-10
896,376,2025-11-30,London,Cancelled,PayPal,2025-12-01
897,226,2025-10-10,Birmingham,Returned,PayPal,2025-10-24
898,30,2026-06-01,Manchester,Cancelled,Card,2026-06-22
899,516,2025-09-04,Birmingham,Cancelled,PayPal,2025-09-30
900,543,2025-11-14,London,Cancelled,PayPal,2025-12-10
901,327,2025-09-06,Birmingham,Processing,PayPal,2025-09-20
902,890,2025-08-13,London,Processing,Bank Transfer,2025-08-27
903,852,2025-07-09,London,Returned,PayPal,2025-07-14
904,939,2026-05-08,Edinburgh,Returned,PayPal,2026-05-24
905,845,2026-02-10,Birmingham,Cancelled,Bank Transfer,2026-02-27
906,387,2026-04-26,Manchester,Delivered,PayPal,2026-05-04
907,757,2025-11-06,Birmingham,Delivered,PayPal,2025-12-04
908,235,2026-05-22,London,Cancelled,PayPal,2026-06-04
909,792,2026-02-16,Birmingham,Returned,PayPal,2026-02-19
910,726,2025-07-30,Manchester,Processing,Card,2025-08-17
911,679,2025-07-16,London,Cancelled,PayPal,2025-07-21
912,668,2025-10-10,Edinburgh,Delivered,Bank Transfer,2025-11-06
913,679,2026-06-27,Edinburgh,Processing,PayPal,2026-07-13
914,756,2026-06-22,Manchester,Delivered,Card,2026-06-24
915,679,2025-07-27,London,Returned,PayPal,2025-08-13
916,250,2026-02-01,London,Processing,PayPal,2026-02-06
917,204,2026-05-30,Manchester,Delivered,Bank Transfer,2026-06-23
918,182,2026-01-26,Manchester,Cancelled,Card,2026-02-07
919,133,2026-03-18,London,Processing,Bank Transfer,2026-03-24
920,159,2026-06-15,London,Processing,Card,2026-07-05
921,533,2025-10-28,Manchester,Delivered,Bank Transfer,2025-11-10
922,870,2025-08-28,London,Cancelled,Card,2025-09-05
923,833,2026-04-20,Manchester,Cancelled,PayPal,2026-05-14
924,764,2025-10-31,Edinburgh,Processing,Bank Transfer,2025-11-16
925,940,2026-02-13,London,Returned,PayPal,2026-03-10
926,955,2025-12-02,Manchester,Returned,Card,2025-12-07
927,341,2025-09-23,Manchester,Cancelled,Card,2025-09-30
928,999,2026-02-02,London,Delivered,PayPal,2026-02-08
929,611,2025-08-02,Edinburgh,Delivered,Bank Transfer,2025-08-25
930,264,2025-07-21,London,Delivered,PayPal,2025-08-06
931,555,2025-09-04,London,Returned,Card,2025-09-29
932,741,2025-12-29,Manchester,Cancelled,Card,2026-01-22
933,397,2025-11-04,Manchester,Cancelled,Bank Transfer,2025-11-25
934,446,2026-02-18,Manchester,Returned,Card,2026-03-18
935,348,2025-11-19,Manchester,Delivered,Bank Transfer,2025-12-12
936,780,2025-08-09,London,Processing,Bank Transfer,2025-08-16
937,693,2025-08-30,London,Processing,Card,2025-09-19
938,698,2025-08-21,Manchester,Delivered,Card,2025-09-18
939,336,2026-06-13,Edinburgh,Returned,PayPal,2026-07-04
940,577,2025-07-20,Birmingham,Returned,PayPal,2025-08-04
941,435,2025-11-28,Edinburgh,Processing,Card,2025-12-14
942,424,2025-12-25,Manchester,Processing,PayPal,2026-01-23
943,685,2025-11-16,Manchester,Delivered,Bank Transfer,2025-11-23
944,447,2026-04-18,London,Returned,Bank Transfer,2026-05-16
945,883,2025-09-16,Manchester,Cancelled,PayPal,2025-09-22
946,116,2026-01-15,London,Returned,Bank Transfer,2026-02-10
947,145,2026-05-06,Edinburgh,Processing,Bank Transfer,2026-05-09
948,754,2025-09-22,Birmingham,Returned,Bank Transfer,2025-10-18
949,240,2026-05-15,Manchester,Returned,Bank Transfer,2026-06-03
950,833,2025-12-13,London,Processing,Card,2026-01-12
951,420,2025-09-17,Edinburgh,Returned,Card,2025-10-01
952,618,2025-09-28,London,Delivered,Card,2025-10-21
953,208,2025-11-20,London,Delivered,Bank Transfer,2025-12-18
954,901,2026-04-24,London,Cancelled,Card,2026-05-15
955,587,2026-04-26,London,Cancelled,Card,2026-05-26
956,626,2026-02-05,London,Processing,Card,2026-02-11
957,731,2025-10-14,London,Processing,Bank Transfer,2025-11-02
958,943,2025-10-31,Birmingham,Returned,PayPal,2025-11-10
959,848,2026-03-24,Edinburgh,Delivered,Card,2026-04-12
960,508,2025-09-03,Edinburgh,Returned,Card,2025-09-14
961,227,2026-02-08,Birmingham,Returned,PayPal,2026-02-24
962,229,2026-01-15,London,Processing,PayPal,2026-01-27
963,293,2025-07-12,London,Returned,PayPal,2025-07-23
964,755,2025-08-25,Manchester,Returned,PayPal,2025-09-22
965,11,2025-10-09,Birmingham,Cancelled,PayPal,2025-10-24
966,680,2026-05-04,Birmingham,Delivered,PayPal,2026-05-28
967,520,2025-12-18,Manchester,Returned,Card,2026-01-05
968,256,2026-06-02,Manchester,Delivered,Bank Transfer,2026-06-23
969,200,2026-01-25,Manchester,Processing,PayPal,2026-02-06
970,130,2026-02-24,Manchester,Returned,PayPal,2026-03-18
971,193,2026-06-10,Birmingham,Returned,PayPal,2026-07-08
972,737,2025-10-22,Birmingham,Delivered,Card,2025-10-25
973,604,2025-11-22,London,Returned,PayPal,2025-12-10
974,326,2026-03-17,Edinburgh,Delivered,Card,2026-04-01
975,772,2026-01-07,Manchester,Returned,PayPal,2026-01-13
976,196,2026-04-15,Birmingham,Processing,Bank Transfer,2026-04-18
977,193,2026-02-09,Edinburgh,Cancelled,Bank Transfer,2026-02-18
978,43,2026-04-05,Edinburgh,Processing,Card,2026-04-25
979,466,2025-09-09,Edinburgh,Returned,Bank Transfer,2025-09-24
980,495,2026-06-10,Manchester,Processing,Card,2026-07-07
981,555,2026-03-09,Edinburgh,Delivered,Bank Transfer,2026-03-14
982,116,2025-08-28,Birmingham,Returned,PayPal,2025-09-04
983,36,2026-02-08,Manchester,Returned,Bank Transfer,2026-03-01
984,110,2026-03-07,Manchester,Cancelled,PayPal,2026-03-13
985,224,2026-04-09,Birmingham,Processing,Card,2026-04-17
986,674,2025-09-24,Birmingham,Delivered,Card,2025-09-25
987,283,2026-06-19,London,Returned,Bank Transfer,2026-07-18
988,511,2025-08-01,Birmingham,Cancelled,Bank Transfer,2025-08-02
989,731,2026-03-04,London,Returned,Card,2026-04-02
990,441,2026-04-28,Manchester,Processing,Card,2026-05-21
991,698,2026-06-18,Edinburgh,Cancelled,Card,2026-07-02
992,340,2026-01-23,Manchester,Returned,Card,2026-02-04
993,466,2026-03-28,Edinburgh,Delivered,Card,2026-04-03
994,678,2026-02-06,Birmingham,Cancelled,PayPal,2026-02-12
995,162,2025-08-24,Birmingham,Returned,Bank Transfer,2025-08-25
996,898,2025-07-23,Birmingham,Cancelled,Card,2025-08-21
997,799,2026-06-13,Manchester,Returned,Bank Transfer,2026-06-27
998,685,2026-06-14,Manchester,Delivered,Bank Transfer,2026-06-19
999,931,2026-03-05,Manchester,Returned,PayPal,2026-03-15
1000,84,2026-04-11,Edinburgh,Returned,PayPal,2026-05-05
